Format Version,1.21,Take Name,PiernaD_001,Capture Frame Rate,120.000000,Export Frame Rate,30.000000,Capture Start Time,2017-11-09 10.31.13.478 AM,Total Frames in Take,801,Total Exported Frames,201,Rotation Type,Quaternion,Length Units,Meters,Coordinate Space,Global

,,Marker,Marker,Marker,Marker,Marker,Marker,Marker,Marker,Marker,Marker,Marker,Marker,Marker,Marker,Marker,Marker,Marker,Marker
,,Head,Head,Head,RArm,RArm,RArm,RLeg,RLeg,RLeg,LLeg,LLeg,LLeg,Torso,Torso,Torso,LArm,LArm,LArm
,,"8392B20CF49E357066","8392B20CF49E357066","8392B20CF49E357066","8392B20CF49E357067","8392B20CF49E357067","8392B20CF49E357067","8392B20CF49E357068","8392B20CF49E357068","8392B20CF49E357068","8392B20CF49E357069","8392B20CF49E357069","8392B20CF49E357069","8392B20CF49E35706E","8392B20CF49E35706E","8392B20CF49E35706E","8392B20CF49E35706F","8392B20CF49E35706F","8392B20CF49E35706F"
,,Position,Position,Position,Position,Position,Position,Position,Position,Position,Position,Position,Position,Position,Position,Position,Position,Position,Position
Frame,Time,X,Y,Z,X,Y,Z,X,Y,Z,X,Y,Z,X,Y,Z,X,Y,Z
0,0.000000,-0.122536,1.699714,0.016745,-0.074278,0.828103,-0.270137,-0.088587,0.094249,-0.212898,-0.091952,0.089664,0.206568,-0.143112,1.112436,-0.007356,-0.086725,0.832272,0.264143
1,0.033333,-0.123115,1.699457,0.017083,-0.075361,0.828506,-0.270563,-0.088595,0.094231,-0.212905,-0.091959,0.089619,0.206612,-0.143201,1.112393,-0.007304,-0.089448,0.833169,0.262200
2,0.066667,-0.123442,1.699264,0.017322,-0.076735,0.828939,-0.270924,-0.088597,0.094224,-0.212909,-0.091974,0.089574,0.206662,-0.143273,1.112386,-0.007260,-0.091693,0.833964,0.260805
3,0.100000,-0.123753,1.699175,0.017648,-0.078057,0.829118,-0.271229,-0.088605,0.094210,-0.212904,-0.091972,0.089524,0.206718,-0.143392,1.112417,-0.007176,-0.093673,0.834560,0.259905
4,0.133333,-0.124027,1.699189,0.018026,-0.079315,0.829134,-0.271381,-0.088598,0.094199,-0.212905,-0.091974,0.089489,0.206743,-0.143579,1.112485,-0.006990,-0.094963,0.834767,0.259339
5,0.166667,-0.124266,1.699209,0.018427,-0.080355,0.829232,-0.271416,-0.088624,0.094195,-0.212905,-0.091987,0.089480,0.206754,-0.143796,1.112462,-0.006844,-0.095789,0.834937,0.259150
6,0.200000,-0.124548,1.699207,0.018919,-0.081224,0.829306,-0.271286,-0.088628,0.094178,-0.212902,-0.091997,0.089440,0.206772,-0.144078,1.112444,-0.006700,-0.096137,0.834835,0.259416
7,0.233333,-0.124880,1.699180,0.019455,-0.081981,0.829377,-0.271166,-0.088639,0.094164,-0.212902,-0.092022,0.089436,0.206801,-0.144489,1.112439,-0.006560,-0.095736,0.834345,0.260262
8,0.266667,-0.125313,1.699123,0.020116,-0.082510,0.829468,-0.270904,-0.088652,0.094156,-0.212901,-0.092023,0.089398,0.206803,-0.144976,1.112457,-0.006453,-0.094940,0.834001,0.261098
9,0.300000,-0.125827,1.698996,0.020904,-0.082919,0.829327,-0.270482,-0.088655,0.094154,-0.212905,-0.092030,0.089390,0.206798,-0.145345,1.112381,-0.006429,-0.093728,0.833536,0.262061
10,0.333333,-0.126396,1.698803,0.021620,-0.083358,0.829297,-0.270067,-0.088668,0.094127,-0.212902,-0.092042,0.089373,0.206816,-0.145690,1.112274,-0.006465,-0.092015,0.832847,0.263368
11,0.366667,-0.127039,1.698639,0.022371,-0.083737,0.829102,-0.269417,-0.088685,0.094121,-0.212906,-0.092029,0.089319,0.206840,-0.146061,1.112207,-0.006432,-0.090329,0.832197,0.264490
12,0.400000,-0.127756,1.698486,0.023048,-0.084142,0.829039,-0.268912,-0.088695,0.094104,-0.212901,-0.092044,0.089293,0.206844,-0.146464,1.112136,-0.006352,-0.088093,0.831438,0.265610
13,0.433333,-0.128493,1.698277,0.023633,-0.084468,0.829024,-0.268526,-0.088712,0.094079,-0.212905,-0.092064,0.089267,0.206856,-0.147004,1.112183,-0.006213,-0.085778,0.830554,0.266911
14,0.466667,-0.129356,1.698139,0.024159,-0.084969,0.829199,-0.268147,-0.088723,0.094057,-0.212910,-0.092043,0.089231,0.206876,-0.147462,1.112119,-0.006089,-0.083715,0.829602,0.268088
15,0.500000,-0.130285,1.697953,0.024603,-0.085388,0.829261,-0.267819,-0.088743,0.094048,-0.212909,-0.092022,0.089187,0.206905,-0.147890,1.112080,-0.005933,-0.081931,0.828899,0.268939
16,0.533333,-0.131167,1.697757,0.024878,-0.085888,0.829324,-0.267590,-0.088762,0.094022,-0.212899,-0.092016,0.089135,0.206934,-0.148290,1.112010,-0.005760,-0.080228,0.828045,0.269757
17,0.566667,-0.132220,1.697563,0.025277,-0.086420,0.829387,-0.267411,-0.088766,0.094004,-0.212885,-0.092007,0.089094,0.206967,-0.148708,1.111889,-0.005583,-0.079210,0.827609,0.270246
18,0.600000,-0.133211,1.697365,0.025641,-0.086902,0.829400,-0.267237,-0.088784,0.093966,-0.212878,-0.091978,0.089034,0.207006,-0.149262,1.111869,-0.005365,-0.078530,0.827216,0.270595
19,0.633333,-0.134257,1.697189,0.026031,-0.087613,0.829442,-0.266839,-0.088812,0.093938,-0.212850,-0.091990,0.088981,0.207018,-0.149646,1.111838,-0.005150,-0.078359,0.827059,0.270851
20,0.666667,-0.135441,1.697068,0.026483,-0.088117,0.829618,-0.266781,-0.088849,0.093877,-0.212833,-0.092009,0.088924,0.207023,-0.149968,1.111840,-0.004972,-0.078623,0.826970,0.270794
21,0.700000,-0.136612,1.696907,0.026920,-0.088587,0.829767,-0.266631,-0.088849,0.093766,-0.212689,-0.092040,0.088868,0.207024,-0.150313,1.111832,-0.004778,-0.079277,0.826975,0.270403
22,0.733333,-0.137996,1.696752,0.027385,-0.088959,0.829948,-0.266447,-0.088876,0.093732,-0.212670,-0.092068,0.088836,0.207023,-0.150549,1.111892,-0.004558,-0.080587,0.827081,0.270005
23,0.766667,-0.139299,1.696455,0.027843,-0.089259,0.830228,-0.266184,-0.088893,0.093707,-0.212652,-0.092087,0.088795,0.207016,-0.150879,1.112095,-0.004242,-0.081718,0.827124,0.269369
24,0.800000,-0.140822,1.696182,0.028230,-0.089538,0.830426,-0.265926,-0.088917,0.093688,-0.212627,-0.092134,0.088760,0.206999,-0.151151,1.112157,-0.003944,-0.083150,0.827332,0.268580
25,0.833333,-0.142306,1.695860,0.028684,-0.089743,0.830634,-0.265752,-0.088949,0.093672,-0.212599,-0.092220,0.088699,0.206984,-0.151543,1.112194,-0.003646,-0.084966,0.827534,0.267875
26,0.866667,-0.143631,1.695663,0.029101,-0.089859,0.830817,-0.265491,-0.088968,0.093650,-0.212572,-0.092312,0.088632,0.206930,-0.151873,1.112323,-0.003339,-0.086554,0.827782,0.267248
27,0.900000,-0.145069,1.695527,0.029600,-0.089879,0.831068,-0.265231,-0.088972,0.093617,-0.212566,-0.092414,0.088651,0.206943,-0.152151,1.112520,-0.003022,-0.088154,0.828187,0.266604
28,0.933333,-0.146307,1.695415,0.030091,-0.089887,0.831255,-0.264623,-0.089003,0.093577,-0.212572,-0.092497,0.088626,0.206888,-0.152570,1.112759,-0.002688,-0.089760,0.828415,0.265980
29,0.966667,-0.147617,1.695370,0.030632,-0.089950,0.831512,-0.264089,-0.089053,0.093526,-0.212584,-0.092575,0.088626,0.206861,-0.152904,1.112989,-0.002170,-0.090964,0.828836,0.265461
30,1.000000,-0.148724,1.695391,0.031256,-0.089942,0.831680,-0.263578,-0.089120,0.093426,-0.212597,-0.092624,0.088616,0.206843,-0.153172,1.113261,-0.001405,-0.092143,0.829272,0.265135
31,1.033333,-0.149820,1.695542,0.031864,-0.089926,0.831823,-0.263270,-0.089189,0.093346,-0.212608,-0.092659,0.088603,0.206815,-0.153389,1.113407,-0.000508,-0.092872,0.829557,0.265135
32,1.066667,-0.150749,1.695645,0.032557,-0.090010,0.831934,-0.262727,-0.089273,0.093289,-0.212611,-0.092710,0.088621,0.206781,-0.153850,1.113625,0.000575,-0.093264,0.829817,0.265345
33,1.100000,-0.151735,1.695773,0.033352,-0.090102,0.831887,-0.261963,-0.089338,0.093243,-0.212597,-0.092715,0.088598,0.206773,-0.154261,1.113769,0.001919,-0.093326,0.829999,0.265948
34,1.133333,-0.152665,1.695830,0.034353,-0.090273,0.831863,-0.261257,-0.089412,0.093138,-0.212552,-0.092732,0.088607,0.206767,-0.154745,1.113904,0.003506,-0.093288,0.830054,0.267065
35,1.166667,-0.153312,1.695878,0.035513,-0.090560,0.831780,-0.260139,-0.089452,0.093114,-0.212530,-0.092695,0.088589,0.206813,-0.155359,1.114002,0.005158,-0.093236,0.830057,0.268581
36,1.200000,-0.153831,1.695898,0.036890,-0.091109,0.831762,-0.258695,-0.089479,0.093116,-0.212510,-0.092695,0.088586,0.206834,-0.156064,1.114149,0.006954,-0.093058,0.829949,0.270859
37,1.233333,-0.154323,1.696058,0.038500,-0.091823,0.831708,-0.256837,-0.089499,0.093102,-0.212525,-0.092677,0.088593,0.206842,-0.156901,1.114204,0.008958,-0.092441,0.829738,0.273546
38,1.266667,-0.154643,1.696179,0.040283,-0.092649,0.831725,-0.254619,-0.089524,0.093094,-0.212530,-0.092646,0.088592,0.206866,-0.157737,1.114300,0.011087,-0.091924,0.829265,0.276666
39,1.300000,-0.155028,1.696522,0.042298,-0.093669,0.831685,-0.252094,-0.089582,0.093060,-0.212537,-0.092634,0.088611,0.206889,-0.158411,1.114487,0.013511,-0.091234,0.829157,0.280045
40,1.333333,-0.155252,1.696740,0.044468,-0.094895,0.831457,-0.249178,-0.089655,0.092983,-0.212567,-0.092610,0.088616,0.206916,-0.159293,1.114729,0.016083,-0.090950,0.829008,0.283633
41,1.366667,-0.155540,1.697048,0.046838,-0.096345,0.831474,-0.246197,-0.089776,0.092932,-0.212612,-0.092576,0.088623,0.206949,-0.160192,1.114920,0.018817,-0.090890,0.829024,0.287308
42,1.400000,-0.155807,1.697276,0.049277,-0.097927,0.831285,-0.242782,-0.089924,0.092818,-0.212625,-0.092549,0.088641,0.206980,-0.161104,1.115194,0.021831,-0.091072,0.829147,0.291327
43,1.433333,-0.156344,1.697590,0.051877,-0.099681,0.831168,-0.239299,-0.090163,0.092671,-0.212687,-0.092548,0.088610,0.207015,-0.161827,1.115364,0.025038,-0.091185,0.829194,0.295006
44,1.466667,-0.157063,1.697804,0.054779,-0.101535,0.831215,-0.235714,-0.090438,0.092546,-0.212901,-0.092550,0.088600,0.207054,-0.162792,1.115564,0.028409,-0.091563,0.829482,0.298899
45,1.500000,-0.157916,1.697989,0.057742,-0.103583,0.831360,-0.232040,-0.090652,0.092386,-0.213036,-0.092539,0.088585,0.207100,-0.163705,1.115773,0.031982,-0.092154,0.829508,0.302674
46,1.533333,-0.158961,1.698063,0.060892,-0.105338,0.831501,-0.228516,-0.090826,0.092225,-0.213192,-0.092514,0.088596,0.207162,-0.164607,1.115980,0.035835,-0.092793,0.829649,0.306502
47,1.566667,-0.160382,1.698143,0.064227,-0.107209,0.831724,-0.224817,-0.091041,0.092049,-0.213379,-0.092463,0.088564,0.207244,-0.165738,1.116057,0.039812,-0.093769,0.829464,0.310048
48,1.600000,-0.161765,1.698080,0.067805,-0.108843,0.831910,-0.221245,-0.091249,0.091843,-0.213580,-0.092465,0.088558,0.207288,-0.166943,1.116082,0.043966,-0.094893,0.829573,0.314140
49,1.633333,-0.163269,1.697875,0.071686,-0.110340,0.832034,-0.217481,-0.091429,0.091691,-0.213774,-0.092418,0.088581,0.207329,-0.168186,1.116128,0.048113,-0.095994,0.829547,0.317970
50,1.666667,-0.165000,1.697882,0.075760,-0.111738,0.832352,-0.213719,-0.091609,0.091535,-0.213967,-0.092395,0.088575,0.207362,-0.169405,1.115988,0.052330,-0.097207,0.829391,0.322027
51,1.700000,-0.166510,1.697731,0.080074,-0.112975,0.832486,-0.209592,-0.091816,0.091420,-0.214133,-0.092420,0.088555,0.207408,-0.170549,1.115939,0.056573,-0.098706,0.829354,0.326119
52,1.733333,-0.168127,1.697598,0.084608,-0.114111,0.832699,-0.205456,-0.092053,0.091323,-0.214285,-0.092462,0.088504,0.207429,-0.171550,1.115887,0.061027,-0.100464,0.829262,0.330163
53,1.766667,-0.169655,1.697288,0.089350,-0.115108,0.833212,-0.201366,-0.092338,0.091194,-0.214417,-0.092516,0.088449,0.207447,-0.172485,1.115803,0.065610,-0.101877,0.829195,0.334431
54,1.800000,-0.171311,1.696932,0.094315,-0.115935,0.833656,-0.197060,-0.092839,0.091100,-0.214535,-0.092604,0.088364,0.207514,-0.173368,1.115726,0.070457,-0.103555,0.828864,0.338701
55,1.833333,-0.172945,1.696592,0.099491,-0.116470,0.834196,-0.192651,-0.093339,0.090989,-0.214673,-0.092716,0.088225,0.207587,-0.174151,1.115649,0.075698,-0.105207,0.828874,0.343166
56,1.866667,-0.174331,1.696106,0.104676,-0.116808,0.834625,-0.188239,-0.093824,0.090824,-0.214749,-0.092824,0.088107,0.207691,-0.174765,1.115526,0.081172,-0.106956,0.828702,0.347896
57,1.900000,-0.175828,1.695682,0.109939,-0.116853,0.835037,-0.183704,-0.094472,0.090806,-0.214807,-0.093113,0.088210,0.207861,-0.175240,1.115370,0.086920,-0.108679,0.828885,0.353082
58,1.933333,-0.177161,1.695240,0.115277,-0.116691,0.835441,-0.179407,-0.095187,0.090784,-0.214926,-0.093180,0.088050,0.207962,-0.175529,1.115126,0.092917,-0.110692,0.829253,0.358384
59,1.966667,-0.178332,1.694681,0.120706,-0.116143,0.835610,-0.174896,-0.096029,0.090574,-0.215012,-0.093224,0.088016,0.208071,-0.175655,1.114890,0.099184,-0.112567,0.829510,0.364144
60,2.000000,-0.179616,1.694102,0.126358,-0.115304,0.835881,-0.170753,-0.097004,0.090496,-0.215283,-0.093263,0.088005,0.208157,-0.175637,1.114802,0.105591,-0.114088,0.829964,0.370274
61,2.033333,-0.180766,1.693468,0.132230,-0.114047,0.836337,-0.166841,-0.098351,0.090686,-0.215662,-0.093282,0.088036,0.208216,-0.175499,1.114791,0.111993,-0.115473,0.830508,0.376772
62,2.066667,-0.181835,1.692839,0.138187,-0.112740,0.836577,-0.162880,-0.099892,0.090568,-0.216064,-0.093339,0.088047,0.208265,-0.175138,1.114821,0.118536,-0.116869,0.831108,0.383808
63,2.100000,-0.182809,1.692225,0.144259,-0.111039,0.836661,-0.158978,-0.101816,0.090688,-0.216397,-0.093414,0.088036,0.208346,-0.174739,1.115001,0.125191,-0.117373,0.831501,0.390742
64,2.133333,-0.183653,1.691631,0.150485,-0.108981,0.836917,-0.155340,-0.103386,0.089914,-0.216333,-0.093526,0.088068,0.208406,-0.174154,1.115251,0.131941,-0.117893,0.831868,0.398194
65,2.166667,-0.184287,1.690987,0.156904,-0.107074,0.837325,-0.151356,-0.105272,0.089504,-0.216606,-0.093512,0.087826,0.208694,-0.173610,1.115555,0.138784,-0.117824,0.831945,0.405751
66,2.200000,-0.184776,1.690385,0.163459,-0.105467,0.837973,-0.147277,-0.107451,0.089635,-0.216912,-0.093617,0.087758,0.208854,-0.173083,1.115736,0.145573,-0.117418,0.831873,0.413509
67,2.233333,-0.185141,1.689853,0.170162,-0.104477,0.838755,-0.142824,-0.109443,0.089862,-0.216727,-0.093714,0.087673,0.209014,-0.172628,1.115975,0.152276,-0.116637,0.831452,0.421119
68,2.266667,-0.185332,1.689351,0.176987,-0.104031,0.839670,-0.138236,-0.111411,0.090445,-0.216223,-0.093743,0.087559,0.209226,-0.172365,1.116065,0.158798,-0.115267,0.830875,0.428628
69,2.300000,-0.185446,1.688953,0.183881,-0.104177,0.841061,-0.133579,-0.113246,0.091066,-0.215396,-0.093801,0.087503,0.209392,-0.171971,1.116271,0.165231,-0.113880,0.830330,0.436046
70,2.333333,-0.185508,1.688762,0.190840,-0.104621,0.842583,-0.128768,-0.115621,0.091866,-0.214523,-0.093919,0.087427,0.209567,-0.171538,1.116543,0.171207,-0.112045,0.829590,0.443094
71,2.366667,-0.185754,1.688621,0.197759,-0.105596,0.844533,-0.124142,-0.118303,0.093375,-0.213451,-0.094150,0.087343,0.209906,-0.170855,1.116915,0.177104,-0.110298,0.828902,0.449670
72,2.400000,-0.186161,1.688563,0.204584,-0.106616,0.846809,-0.119618,-0.121175,0.095854,-0.211613,-0.094474,0.087275,0.210315,-0.170213,1.117471,0.182857,-0.108348,0.828277,0.455880
73,2.433333,-0.186591,1.688637,0.211118,-0.107906,0.849643,-0.115436,-0.125039,0.099943,-0.209066,-0.094597,0.087179,0.210566,-0.169503,1.118031,0.188191,-0.106795,0.827917,0.461753
74,2.466667,-0.186983,1.688680,0.217195,-0.109631,0.853022,-0.111869,-0.129005,0.103382,-0.205925,-0.094688,0.087121,0.210615,-0.168529,1.118489,0.193253,-0.105201,0.827438,0.466829
75,2.500000,-0.187435,1.688485,0.222767,-0.111398,0.856053,-0.108289,-0.133636,0.107532,-0.202406,-0.094785,0.086979,0.210696,-0.167479,1.118691,0.197958,-0.104088,0.826977,0.471787
76,2.533333,-0.187938,1.688123,0.228019,-0.112457,0.858893,-0.105574,-0.139356,0.111058,-0.194747,-0.094870,0.086881,0.210890,-0.166676,1.118767,0.201966,-0.103481,0.826243,0.476210
77,2.566667,-0.188345,1.687721,0.233051,-0.112579,0.861151,-0.103548,-0.147874,0.117168,-0.178874,-0.094928,0.086617,0.211340,-0.166203,1.118933,0.205288,-0.102981,0.825381,0.480800
78,2.600000,-0.188738,1.687436,0.237677,-0.112456,0.863277,-0.101709,-0.155406,0.124396,-0.162374,-0.094908,0.086575,0.211427,-0.165772,1.119132,0.208283,-0.102705,0.824578,0.484626
79,2.633333,-0.188732,1.687239,0.241940,-0.112351,0.865205,-0.100121,-0.160985,0.131869,-0.147965,-0.095231,0.086563,0.211240,-0.165365,1.119468,0.210954,-0.102598,0.823829,0.488430
80,2.666667,-0.188465,1.687242,0.245816,-0.112790,0.866958,-0.098752,-0.165505,0.139006,-0.134810,-0.095063,0.086711,0.211020,-0.165040,1.119823,0.213437,-0.102815,0.823471,0.491717
81,2.700000,-0.187849,1.687257,0.249224,-0.112424,0.867470,-0.097204,-0.170237,0.145384,-0.121114,-0.095079,0.086742,0.210908,-0.164895,1.119892,0.215471,-0.103339,0.823054,0.494148
82,2.733333,-0.187200,1.687309,0.252162,-0.111056,0.867286,-0.096307,-0.175930,0.150508,-0.105943,-0.095109,0.086820,0.210695,-0.164812,1.120035,0.217111,-0.104309,0.822667,0.495632
83,2.766667,-0.186350,1.687491,0.254430,-0.108823,0.866524,-0.095395,-0.182169,0.154999,-0.089690,-0.095147,0.086872,0.210477,-0.164976,1.120211,0.218475,-0.105352,0.822414,0.496842
84,2.800000,-0.185364,1.687890,0.256018,-0.106038,0.865661,-0.094832,-0.188187,0.158904,-0.073563,-0.095225,0.086899,0.210307,-0.165213,1.120645,0.219902,-0.106583,0.822608,0.497414
85,2.833333,-0.184341,1.688493,0.257021,-0.102679,0.864455,-0.094202,-0.193151,0.162767,-0.058214,-0.095287,0.086879,0.210247,-0.165210,1.121147,0.221682,-0.107979,0.823288,0.497987
86,2.866667,-0.183200,1.689129,0.257429,-0.098991,0.862833,-0.093179,-0.197044,0.165979,-0.043780,-0.095375,0.086807,0.210212,-0.165378,1.121713,0.223679,-0.109755,0.824190,0.498180
87,2.900000,-0.182082,1.689720,0.257261,-0.095188,0.860999,-0.092352,-0.201249,0.170537,-0.030398,-0.095392,0.086698,0.210167,-0.165477,1.122122,0.225869,-0.111727,0.825397,0.498273
88,2.933333,-0.180798,1.690290,0.256866,-0.091705,0.858891,-0.091270,-0.204586,0.174617,-0.017148,-0.095586,0.086660,0.210409,-0.165614,1.122423,0.228311,-0.113669,0.826590,0.498985
89,2.966667,-0.179466,1.690816,0.256382,-0.088354,0.856551,-0.090019,-0.207948,0.180600,-0.005725,-0.095553,0.086289,0.210831,-0.166020,1.122454,0.230936,-0.115515,0.827446,0.499774
90,3.000000,-0.178104,1.691373,0.256081,-0.085410,0.854043,-0.088619,-0.210707,0.187969,0.003808,-0.095463,0.085795,0.211339,-0.166392,1.122503,0.234121,-0.117156,0.828301,0.501289
91,3.033333,-0.177015,1.692227,0.255984,-0.083119,0.852133,-0.086770,-0.213045,0.196590,0.011487,-0.095982,0.085598,0.211997,-0.166660,1.122918,0.237557,-0.118349,0.829237,0.503239
92,3.066667,-0.175950,1.693299,0.256134,-0.081322,0.850912,-0.084868,-0.215996,0.205686,0.017961,-0.095699,0.085239,0.212240,-0.166670,1.123742,0.241205,-0.119228,0.830378,0.505242
93,3.100000,-0.175022,1.694638,0.256761,-0.080591,0.850718,-0.082985,-0.219979,0.215246,0.023067,-0.096262,0.085462,0.212768,-0.166432,1.125104,0.244498,-0.119417,0.831712,0.507336
94,3.133333,-0.174264,1.696113,0.257801,-0.081164,0.851540,-0.081014,-0.224921,0.224578,0.027172,-0.096714,0.085602,0.213259,-0.165964,1.126886,0.247065,-0.119117,0.833272,0.509564
95,3.166667,-0.173551,1.697482,0.259327,-0.082939,0.853460,-0.079579,-0.230662,0.233581,0.030472,-0.097031,0.085633,0.213845,-0.165669,1.128649,0.248816,-0.118420,0.834242,0.511817
96,3.200000,-0.172844,1.698647,0.261406,-0.085781,0.856300,-0.078990,-0.236655,0.242094,0.032984,-0.097306,0.085876,0.214367,-0.165458,1.129971,0.250224,-0.116958,0.834745,0.513935
97,3.233333,-0.172207,1.699555,0.263908,-0.089604,0.859510,-0.079055,-0.242585,0.250021,0.035170,-0.097400,0.085988,0.214712,-0.165280,1.131027,0.251655,-0.114849,0.834162,0.516151
98,3.266667,-0.171488,1.700105,0.266699,-0.093982,0.863216,-0.080117,-0.247253,0.257068,0.037573,-0.097437,0.086068,0.214882,-0.165069,1.131763,0.252724,-0.111994,0.832932,0.518210
99,3.300000,-0.170757,1.700405,0.269658,-0.098974,0.866923,-0.081735,-0.251523,0.263876,0.039221,-0.097417,0.086116,0.214922,-0.164993,1.132155,0.253527,-0.109184,0.831320,0.519877
100,3.333333,-0.170044,1.700587,0.272400,-0.103957,0.870440,-0.083460,-0.254109,0.269829,0.040537,-0.097396,0.086120,0.215001,-0.164927,1.132434,0.253970,-0.106069,0.829447,0.521356
101,3.366667,-0.169289,1.700728,0.274905,-0.108663,0.873824,-0.085528,-0.255579,0.274778,0.041267,-0.097365,0.086250,0.215141,-0.164745,1.132735,0.254115,-0.102799,0.827542,0.522167
102,3.400000,-0.168540,1.700951,0.276944,-0.113163,0.877286,-0.086857,-0.255911,0.278839,0.041461,-0.097404,0.086436,0.215416,-0.164614,1.133175,0.254248,-0.100101,0.825941,0.522393
103,3.433333,-0.167851,1.701278,0.278629,-0.117280,0.880533,-0.087586,-0.255520,0.281432,0.041221,-0.097528,0.086656,0.215667,-0.164471,1.133834,0.254543,-0.097697,0.824584,0.521960
104,3.466667,-0.167073,1.701553,0.280072,-0.120363,0.883470,-0.088529,-0.254622,0.283065,0.040373,-0.097404,0.086362,0.215378,-0.164361,1.134420,0.254856,-0.095831,0.823720,0.521024
105,3.500000,-0.166211,1.701548,0.281435,-0.122569,0.885179,-0.088972,-0.254153,0.284002,0.039448,-0.097470,0.086029,0.214697,-0.164203,1.134640,0.255047,-0.094248,0.822985,0.520066
106,3.533333,-0.165322,1.701156,0.282490,-0.124444,0.885984,-0.089198,-0.253992,0.284465,0.038700,-0.097348,0.085735,0.214023,-0.163859,1.134382,0.254965,-0.093453,0.822250,0.518543
107,3.566667,-0.164536,1.700438,0.283320,-0.125848,0.885804,-0.089239,-0.253995,0.284524,0.038318,-0.097247,0.085620,0.213596,-0.163522,1.133718,0.254404,-0.093092,0.821148,0.516889
108,3.600000,-0.163935,1.699577,0.283984,-0.126364,0.885334,-0.089116,-0.254183,0.284543,0.038144,-0.097098,0.085603,0.213382,-0.163287,1.133100,0.253754,-0.093321,0.819671,0.515158
109,3.633333,-0.163668,1.698864,0.284562,-0.126046,0.884719,-0.088821,-0.254984,0.284567,0.038257,-0.097056,0.085645,0.213363,-0.163118,1.132853,0.253178,-0.093798,0.818584,0.513326
110,3.666667,-0.163534,1.698504,0.285171,-0.124884,0.884090,-0.088377,-0.255784,0.284298,0.038199,-0.097089,0.085778,0.213612,-0.162991,1.133108,0.252608,-0.094188,0.817818,0.511854
111,3.700000,-0.163472,1.698498,0.285744,-0.123398,0.883881,-0.087715,-0.256902,0.283835,0.038310,-0.097092,0.085957,0.213983,-0.162843,1.133765,0.252117,-0.094837,0.817870,0.510862
112,3.733333,-0.163383,1.698641,0.286077,-0.121495,0.883473,-0.087177,-0.258707,0.283562,0.038522,-0.097094,0.086007,0.214129,-0.162633,1.134563,0.251738,-0.095833,0.818648,0.509626
113,3.766667,-0.163136,1.698799,0.285900,-0.119860,0.882773,-0.086658,-0.260839,0.283737,0.038780,-0.097129,0.085969,0.214030,-0.162541,1.135103,0.251306,-0.097250,0.819452,0.508575
114,3.800000,-0.162797,1.698828,0.285202,-0.118185,0.881457,-0.086091,-0.262666,0.283970,0.038994,-0.097138,0.085844,0.213861,-0.162414,1.135192,0.250664,-0.099352,0.820098,0.507491
115,3.833333,-0.162481,1.698562,0.283985,-0.116694,0.879927,-0.085758,-0.264592,0.284795,0.039025,-0.097141,0.085703,0.213588,-0.162309,1.135122,0.249822,-0.101608,0.820801,0.506716
116,3.866667,-0.162369,1.698010,0.282457,-0.115242,0.878235,-0.085151,-0.266051,0.285398,0.039089,-0.096903,0.085678,0.212841,-0.162228,1.134912,0.249047,-0.103812,0.821305,0.506594
117,3.900000,-0.162155,1.697297,0.280840,-0.114122,0.876484,-0.084383,-0.267908,0.285920,0.039144,-0.096604,0.085507,0.212218,-0.162278,1.134335,0.248287,-0.105796,0.821191,0.506938
118,3.933333,-0.162045,1.696592,0.279086,-0.113164,0.874789,-0.083424,-0.269756,0.286001,0.039456,-0.096413,0.085415,0.211913,-0.162405,1.133774,0.247346,-0.107839,0.821074,0.507135
119,3.966667,-0.162001,1.695948,0.277203,-0.112091,0.873319,-0.082562,-0.271131,0.285537,0.039681,-0.096499,0.085443,0.211786,-0.162424,1.133459,0.246421,-0.109466,0.820885,0.507312
120,4.000000,-0.162025,1.695376,0.275256,-0.111143,0.872010,-0.081324,-0.272216,0.284774,0.039485,-0.096518,0.085504,0.211743,-0.162498,1.133328,0.245674,-0.111027,0.820846,0.507608
121,4.033333,-0.161956,1.695085,0.273259,-0.109930,0.870825,-0.080135,-0.273060,0.283741,0.039492,-0.096521,0.085535,0.211722,-0.162841,1.133226,0.244979,-0.112513,0.821134,0.507335
122,4.066667,-0.161666,1.695091,0.271424,-0.108655,0.869541,-0.078834,-0.273852,0.283087,0.039794,-0.096522,0.085511,0.211676,-0.163155,1.133180,0.244521,-0.113620,0.821448,0.506944
123,4.100000,-0.161294,1.695392,0.269739,-0.107415,0.868574,-0.078004,-0.274363,0.282457,0.040359,-0.096561,0.085572,0.211813,-0.163416,1.133255,0.244109,-0.114468,0.821853,0.506385
124,4.133333,-0.161047,1.695831,0.268418,-0.106037,0.867647,-0.077232,-0.274434,0.281650,0.040843,-0.096600,0.085611,0.212100,-0.163736,1.133603,0.243520,-0.115112,0.822502,0.505471
125,4.166667,-0.160846,1.696419,0.267291,-0.104890,0.867173,-0.076776,-0.274045,0.280661,0.040769,-0.096752,0.085765,0.212463,-0.164278,1.134150,0.242937,-0.115483,0.823026,0.504665
126,4.200000,-0.160669,1.697077,0.266382,-0.103809,0.866843,-0.076465,-0.273378,0.279417,0.040234,-0.096798,0.085820,0.212683,-0.164939,1.134661,0.242583,-0.115635,0.823662,0.503789
127,4.233333,-0.160420,1.697664,0.265661,-0.103265,0.866662,-0.076560,-0.272542,0.277440,0.039149,-0.096713,0.085774,0.212755,-0.165552,1.135015,0.242206,-0.115441,0.824078,0.502633
128,4.266667,-0.160170,1.698096,0.265085,-0.103290,0.866342,-0.076862,-0.271211,0.274632,0.037612,-0.096694,0.085723,0.212654,-0.166204,1.135065,0.241533,-0.115190,0.824223,0.501789
129,4.300000,-0.160047,1.698275,0.264580,-0.103822,0.866156,-0.077719,-0.269784,0.271144,0.035025,-0.097008,0.085720,0.212810,-0.166979,1.134824,0.240602,-0.114942,0.824014,0.500753
130,4.333333,-0.160166,1.698161,0.264146,-0.104711,0.865988,-0.078993,-0.267530,0.266450,0.031697,-0.096972,0.085598,0.212578,-0.167956,1.134248,0.239420,-0.114653,0.823559,0.499638
131,4.366667,-0.160409,1.697748,0.263725,-0.106056,0.865656,-0.080410,-0.264983,0.261588,0.027325,-0.096758,0.085482,0.212238,-0.169076,1.133287,0.238362,-0.114227,0.822459,0.498544
132,4.400000,-0.160800,1.697253,0.263214,-0.107889,0.865412,-0.082138,-0.261847,0.256254,0.022620,-0.096648,0.085530,0.211986,-0.170203,1.131901,0.237029,-0.113719,0.821332,0.497561
133,4.433333,-0.161452,1.696706,0.262558,-0.110055,0.865177,-0.084136,-0.258018,0.250989,0.016814,-0.096517,0.085545,0.211658,-0.171119,1.130448,0.235593,-0.113330,0.820052,0.496454
134,4.466667,-0.162430,1.696140,0.261834,-0.112470,0.865320,-0.086090,-0.252863,0.245420,0.009817,-0.096417,0.085611,0.211388,-0.171805,1.129096,0.234016,-0.112950,0.819044,0.495430
135,4.500000,-0.163703,1.695644,0.260835,-0.114707,0.865619,-0.087915,-0.247409,0.240316,0.002137,-0.096398,0.085688,0.211217,-0.172311,1.128204,0.232055,-0.113219,0.818309,0.493658
136,4.533333,-0.165161,1.695385,0.259678,-0.116751,0.866566,-0.089750,-0.241247,0.235496,-0.005647,-0.096375,0.085752,0.211174,-0.172467,1.127746,0.229922,-0.113626,0.818228,0.491950
137,4.566667,-0.166788,1.695305,0.258193,-0.118283,0.867994,-0.091662,-0.234560,0.230994,-0.013583,-0.096583,0.085922,0.211280,-0.172626,1.127409,0.227826,-0.114485,0.818713,0.489969
138,4.600000,-0.168437,1.695263,0.256492,-0.119433,0.869330,-0.093239,-0.227594,0.226350,-0.021862,-0.096315,0.085908,0.211102,-0.172705,1.127192,0.225852,-0.115659,0.819131,0.487707
139,4.633333,-0.170091,1.695144,0.254571,-0.120195,0.870700,-0.094803,-0.219977,0.221789,-0.030850,-0.096274,0.085944,0.211093,-0.172672,1.126824,0.223958,-0.117292,0.819474,0.485501
140,4.666667,-0.171659,1.694894,0.252532,-0.120248,0.871619,-0.096267,-0.212286,0.217350,-0.040406,-0.096228,0.085979,0.211028,-0.172606,1.126325,0.222019,-0.119250,0.819831,0.483369
141,4.700000,-0.173229,1.694460,0.250419,-0.119475,0.872037,-0.098111,-0.204411,0.213109,-0.050175,-0.096202,0.086034,0.210946,-0.172525,1.125626,0.219781,-0.121355,0.819706,0.481366
142,4.733333,-0.174777,1.694050,0.248371,-0.117778,0.871766,-0.099689,-0.196251,0.208365,-0.059885,-0.096162,0.086081,0.210899,-0.172359,1.124987,0.217231,-0.123447,0.819712,0.479656
143,4.766667,-0.176476,1.693590,0.246319,-0.115203,0.871228,-0.101363,-0.187774,0.203400,-0.069651,-0.096135,0.086059,0.210938,-0.172109,1.124660,0.214526,-0.125353,0.819857,0.477980
144,4.800000,-0.178000,1.693155,0.244344,-0.111843,0.870300,-0.103085,-0.179192,0.198006,-0.079673,-0.096150,0.086076,0.210908,-0.171878,1.124593,0.211578,-0.127403,0.819894,0.476201
145,4.833333,-0.179391,1.692855,0.242276,-0.108024,0.869451,-0.105293,-0.171073,0.191765,-0.089722,-0.096336,0.086250,0.210898,-0.171815,1.124493,0.208538,-0.128995,0.820231,0.474721
146,4.866667,-0.180410,1.692778,0.240125,-0.103891,0.868589,-0.108104,-0.163385,0.184863,-0.099788,-0.096079,0.086167,0.210790,-0.171777,1.124365,0.205316,-0.130413,0.820597,0.472876
147,4.900000,-0.181254,1.692768,0.237788,-0.099749,0.867596,-0.111199,-0.156374,0.177053,-0.109820,-0.096104,0.086354,0.210602,-0.171790,1.124168,0.201930,-0.131294,0.820752,0.471068
148,4.933333,-0.182014,1.692657,0.235076,-0.095849,0.866686,-0.114911,-0.150001,0.168527,-0.120007,-0.096071,0.086385,0.210500,-0.171770,1.123876,0.198072,-0.132166,0.820971,0.468712
149,4.966667,-0.182794,1.692563,0.231968,-0.092283,0.865639,-0.119155,-0.144480,0.159745,-0.130782,-0.095954,0.086435,0.210418,-0.171833,1.123410,0.193815,-0.132411,0.821071,0.466253
150,5.000000,-0.183662,1.692265,0.228489,-0.089267,0.864516,-0.123885,-0.139445,0.150343,-0.141332,-0.095872,0.086505,0.210307,-0.171934,1.122913,0.189184,-0.132316,0.820813,0.463365
151,5.033333,-0.184771,1.691821,0.224428,-0.086854,0.863700,-0.129183,-0.135721,0.142087,-0.151416,-0.095849,0.086577,0.210238,-0.171671,1.122319,0.183863,-0.131981,0.820564,0.460058
152,5.066667,-0.185966,1.691537,0.219729,-0.084984,0.862829,-0.134364,-0.133128,0.134505,-0.160061,-0.095789,0.086651,0.210157,-0.171526,1.121717,0.177884,-0.131348,0.820504,0.456294
153,5.100000,-0.187296,1.691070,0.214232,-0.083758,0.862297,-0.139666,-0.130866,0.127779,-0.168293,-0.095720,0.086728,0.210071,-0.171433,1.121481,0.171797,-0.130783,0.820583,0.451911
154,5.133333,-0.188747,1.690385,0.207932,-0.083205,0.861670,-0.145093,-0.128569,0.122922,-0.176827,-0.095575,0.086821,0.210010,-0.171142,1.121111,0.165665,-0.130220,0.820724,0.446854
155,5.166667,-0.190021,1.689653,0.200905,-0.083311,0.860876,-0.150703,-0.124182,0.118880,-0.185932,-0.095297,0.086805,0.209773,-0.171050,1.120446,0.158964,-0.129714,0.820874,0.441373
156,5.200000,-0.191327,1.688898,0.192899,-0.083903,0.859865,-0.156735,-0.119473,0.115045,-0.195252,-0.095216,0.086900,0.209637,-0.171170,1.119783,0.151791,-0.129341,0.821125,0.435186
157,5.233333,-0.192765,1.688021,0.184076,-0.084810,0.858453,-0.162941,-0.115629,0.111647,-0.203753,-0.095042,0.086931,0.209522,-0.171315,1.119192,0.144174,-0.129058,0.821640,0.428270
158,5.266667,-0.194084,1.687284,0.174357,-0.085884,0.856851,-0.169692,-0.114010,0.108042,-0.211307,-0.094956,0.087052,0.209362,-0.171580,1.118621,0.135986,-0.128717,0.822295,0.421086
159,5.300000,-0.195303,1.686643,0.163686,-0.087768,0.855079,-0.176777,-0.114091,0.103453,-0.217544,-0.094913,0.087138,0.209192,-0.172084,1.118056,0.126831,-0.128234,0.823047,0.412968
160,5.333333,-0.196421,1.686033,0.152080,-0.089878,0.852895,-0.184500,-0.115521,0.101207,-0.222621,-0.094901,0.087168,0.209024,-0.172762,1.117354,0.116235,-0.127882,0.823738,0.404219
161,5.366667,-0.197403,1.685431,0.139580,-0.092296,0.850756,-0.193270,-0.115886,0.096806,-0.227545,-0.094927,0.087274,0.208787,-0.173464,1.116587,0.104077,-0.127573,0.824340,0.394436
162,5.400000,-0.198479,1.684688,0.126050,-0.094873,0.848626,-0.202903,-0.111660,0.091119,-0.233741,-0.094921,0.087333,0.208541,-0.174253,1.115813,0.090618,-0.127363,0.824778,0.384334
163,5.433333,-0.199611,1.684174,0.111381,-0.097803,0.846914,-0.213337,-0.108242,0.091158,-0.234100,-0.094910,0.087435,0.208255,-0.175297,1.115108,0.076417,-0.127225,0.825172,0.373143
164,5.466667,-0.200873,1.684021,0.095588,-0.100620,0.846095,-0.225249,-0.105045,0.090833,-0.234190,-0.094956,0.087749,0.207735,-0.176264,1.114576,0.061559,-0.126887,0.825960,0.361094
165,5.500000,-0.201989,1.684446,0.079109,-0.103074,0.845850,-0.237818,-0.103110,0.090748,-0.234394,-0.095048,0.087858,0.207422,-0.176701,1.114528,0.046022,-0.126793,0.827327,0.347840
166,5.533333,-0.202852,1.685266,0.062493,-0.104880,0.846557,-0.251642,-0.101862,0.090825,-0.234539,-0.095151,0.087974,0.207172,-0.176835,1.114744,0.030343,-0.126899,0.828826,0.333304
167,5.566667,-0.203506,1.686191,0.046113,-0.105973,0.847565,-0.265878,-0.101113,0.091050,-0.234766,-0.095275,0.087991,0.207044,-0.176852,1.115036,0.016008,-0.127647,0.830389,0.317744
168,5.600000,-0.203829,1.686888,0.030189,-0.106383,0.848354,-0.280104,-0.100522,0.091232,-0.234837,-0.095462,0.087959,0.207050,-0.177104,1.115189,0.003477,-0.129008,0.831663,0.301399
169,5.633333,-0.204177,1.687603,0.015154,-0.105828,0.848966,-0.294329,-0.100132,0.091309,-0.234886,-0.095711,0.087912,0.207060,-0.177217,1.115289,-0.007058,-0.130706,0.832919,0.285346
170,5.666667,-0.204052,1.688015,0.001521,-0.104172,0.848949,-0.308150,-0.099868,0.091385,-0.234936,-0.095926,0.087917,0.207112,-0.177481,1.115407,-0.015697,-0.133186,0.834663,0.270061
171,5.700000,-0.203395,1.688256,-0.010757,-0.101790,0.847915,-0.320723,-0.099549,0.091417,-0.234970,-0.096162,0.087913,0.207086,-0.177536,1.115480,-0.023113,-0.135749,0.836605,0.255635
172,5.733333,-0.202186,1.688494,-0.021562,-0.099009,0.846026,-0.331716,-0.099253,0.091596,-0.235056,-0.096241,0.087762,0.206988,-0.177352,1.115345,-0.029714,-0.138899,0.838951,0.242423
173,5.766667,-0.200419,1.688805,-0.030817,-0.095905,0.843358,-0.341012,-0.098968,0.091499,-0.234967,-0.096319,0.087704,0.206947,-0.177199,1.115215,-0.035508,-0.142249,0.841452,0.230301
174,5.800000,-0.198021,1.689364,-0.038634,-0.092756,0.840358,-0.348569,-0.098788,0.091600,-0.235036,-0.096385,0.087625,0.206883,-0.176675,1.115172,-0.040260,-0.145267,0.844176,0.219939
175,5.833333,-0.195126,1.690144,-0.045131,-0.089451,0.837039,-0.354244,-0.098593,0.091831,-0.235087,-0.096431,0.087550,0.206890,-0.176125,1.115238,-0.043898,-0.147561,0.846899,0.211504
176,5.866667,-0.191931,1.691031,-0.050480,-0.086535,0.833773,-0.358000,-0.098487,0.091997,-0.234845,-0.096447,0.087415,0.206984,-0.175706,1.115266,-0.046590,-0.149454,0.849381,0.204789
177,5.900000,-0.188559,1.691727,-0.054692,-0.084143,0.830682,-0.360156,-0.098150,0.092272,-0.234856,-0.096389,0.087308,0.207165,-0.175263,1.115105,-0.048599,-0.150647,0.851295,0.199964
178,5.933333,-0.185074,1.692102,-0.057812,-0.082350,0.827603,-0.360204,-0.097868,0.092484,-0.234931,-0.096214,0.087261,0.207269,-0.174996,1.114731,-0.049710,-0.151237,0.852344,0.197381
179,5.966667,-0.181691,1.692178,-0.060000,-0.081525,0.824573,-0.358656,-0.097800,0.092538,-0.234952,-0.095915,0.087196,0.207172,-0.174955,1.113802,-0.050055,-0.151111,0.852299,0.196964
180,6.000000,-0.178307,1.692362,-0.061369,-0.081503,0.821803,-0.355516,-0.097826,0.092514,-0.234884,-0.095659,0.087149,0.206965,-0.174981,1.112831,-0.049600,-0.149963,0.851685,0.198893
181,6.033333,-0.175224,1.692870,-0.062136,-0.082438,0.819795,-0.351208,-0.097892,0.092499,-0.234805,-0.095427,0.087179,0.206880,-0.174927,1.112498,-0.048687,-0.147715,0.850817,0.202658
182,6.066667,-0.172296,1.693694,-0.062328,-0.083976,0.818611,-0.346061,-0.097937,0.092504,-0.234737,-0.095243,0.087225,0.206894,-0.174623,1.112608,-0.047389,-0.144612,0.850118,0.207898
183,6.100000,-0.169485,1.694487,-0.061902,-0.086217,0.818076,-0.340451,-0.097954,0.092514,-0.234653,-0.095127,0.087254,0.206921,-0.174116,1.112850,-0.046021,-0.140909,0.849414,0.214012
184,6.133333,-0.167090,1.695109,-0.060824,-0.088846,0.817927,-0.334838,-0.097931,0.092573,-0.234536,-0.094992,0.087296,0.206969,-0.173545,1.112817,-0.044393,-0.136967,0.848640,0.220893
185,6.166667,-0.165159,1.695482,-0.059153,-0.091738,0.818350,-0.329419,-0.097825,0.092641,-0.234467,-0.094856,0.087336,0.207011,-0.172955,1.112689,-0.042440,-0.133029,0.847506,0.228281
186,6.200000,-0.163853,1.695675,-0.056914,-0.094737,0.818809,-0.324256,-0.097751,0.092686,-0.234421,-0.094793,0.087472,0.207106,-0.172563,1.112643,-0.040508,-0.129021,0.846462,0.236091
187,6.233333,-0.163017,1.695639,-0.054172,-0.097515,0.819815,-0.319668,-0.097754,0.092713,-0.234347,-0.094715,0.087492,0.207176,-0.172184,1.112780,-0.038705,-0.124630,0.845757,0.243974
188,6.266667,-0.162652,1.695652,-0.051137,-0.099829,0.820797,-0.315890,-0.097797,0.092729,-0.234272,-0.094651,0.087506,0.207221,-0.171737,1.112868,-0.037072,-0.119930,0.844913,0.251121
189,6.300000,-0.162470,1.695711,-0.048021,-0.101717,0.822049,-0.313048,-0.097842,0.092717,-0.234176,-0.094637,0.087492,0.207263,-0.171281,1.113091,-0.035367,-0.115733,0.844171,0.257077
190,6.333333,-0.162484,1.695649,-0.044721,-0.102995,0.823190,-0.310928,-0.097929,0.092748,-0.234052,-0.094626,0.087468,0.207283,-0.170779,1.113158,-0.033709,-0.112167,0.843408,0.261451
191,6.366667,-0.162707,1.695623,-0.041469,-0.103396,0.824079,-0.309648,-0.097966,0.092728,-0.233946,-0.094621,0.087443,0.207340,-0.170331,1.113256,-0.031911,-0.109291,0.842459,0.264469
192,6.400000,-0.162931,1.695689,-0.038219,-0.103276,0.824838,-0.309001,-0.098020,0.092721,-0.233912,-0.094616,0.087419,0.207365,-0.170000,1.113258,-0.030048,-0.106942,0.841524,0.265987
193,6.433333,-0.162946,1.695882,-0.034966,-0.102518,0.825465,-0.309010,-0.098019,0.092768,-0.233954,-0.094615,0.087403,0.207423,-0.169811,1.113184,-0.028223,-0.105256,0.840755,0.266799
194,6.466667,-0.163159,1.696641,-0.031671,-0.101124,0.825967,-0.309405,-0.098031,0.092765,-0.233938,-0.094596,0.087405,0.207461,-0.169650,1.113264,-0.026517,-0.104094,0.839630,0.266447
195,6.500000,-0.162647,1.697160,-0.028555,-0.099354,0.826189,-0.309776,-0.098015,0.092788,-0.233997,-0.094570,0.087409,0.207462,-0.169472,1.113323,-0.024884,-0.103609,0.838780,0.265420
196,6.533333,-0.162201,1.697297,-0.025447,-0.097294,0.826379,-0.310209,-0.098038,0.092767,-0.233982,-0.094545,0.087391,0.207461,-0.169121,1.113360,-0.023319,-0.103759,0.837871,0.263605
197,6.566667,-0.161778,1.697237,-0.022506,-0.095071,0.826184,-0.310391,-0.098040,0.092781,-0.233963,-0.094523,0.087412,0.207436,-0.168478,1.113334,-0.022062,-0.104484,0.836921,0.261134
198,6.600000,-0.161547,1.697154,-0.019721,-0.092867,0.826210,-0.310513,-0.098046,0.092797,-0.233958,-0.094508,0.087430,0.207419,-0.167945,1.113385,-0.020867,-0.105769,0.836338,0.258783
199,6.633333,-0.161482,1.697068,-0.016981,-0.090793,0.826027,-0.310479,-0.098053,0.092800,-0.233933,-0.094487,0.087438,0.207409,-0.167503,1.113436,-0.019804,-0.107555,0.835891,0.256286
200,6.666667,-0.161506,1.696934,-0.014346,-0.089103,0.826230,-0.310418,-0.098057,0.092800,-0.233903,-0.094476,0.087452,0.207388,-0.167100,1.113382,-0.018845,-0.109376,0.835510,0.254364
