,,,,,,,,,,,,,,,,,,,
,,,,,,,,,,,,,,,,,,,
,,,,,,,,,,,,,,,,,,,
,,,,,,,,,,,,,,,,,,,
,,,,,,,,,,,,,,,,,,,
,,,,,,,,,,,,,,,,,,,
C1,C2,X RArm,Y RArm,Z RArm,X RLeg,Y RLeg,Z RLeg,X LLeg,Y LLeg,Z LLeg,X LArm,Y LArm,Z LArm,X Torso,Y Torso,Z Torso,X Head,Y Head,Z Head
0,0,0.0488455743,-0.1320113689,0.2215615511,-0.0044929553,-0.0676215142,-0.0052566566,-0.0045198333,0.0676197037,2.90572643280029E-007,0.0467953049,0.1152648106,0.2301509082,-0.0105687436,-0.0128880367,0.3288783431,-0.0111271646,-0.0178015456,0.4552816451
1,1,0.0488455743,-0.1320113689,0.2215615511,-0.0044929553,-0.0676215142,-0.0052566566,-0.0045198333,0.0676197037,2.90572643280029E-007,0.0467953049,0.1152648106,0.2301509082,-0.0105687436,-0.0128880367,0.3288783431,-0.0111271646,-0.0178015456,0.4552816451
2,2,0.0488455743,-0.1320113689,0.2215615511,-0.0044929553,-0.0676215142,-0.0052566566,-0.0045198333,0.0676197037,2.90572643280029E-007,0.0467953049,0.1152648106,0.2301509082,-0.0105687436,-0.0128880367,0.3288783431,-0.0111271646,-0.0178015456,0.4552816451
3,3,0.0488455743,-0.1320113689,0.2215615511,-0.0044929553,-0.0676215142,-0.0052566566,-0.0045198333,0.0676197037,2.90572643280029E-007,0.0467953049,0.1152648106,0.2301509082,-0.0105687436,-0.0128880367,0.3288783431,-0.0111271646,-0.0178015456,0.4552816451
4,4,0.0488455743,-0.1320113689,0.2215615511,-0.0044929553,-0.0676215142,-0.0052566566,-0.0045198333,0.0676197037,2.90572643280029E-007,0.0467953049,0.1152648106,0.2301509082,-0.0105687436,-0.0128880367,0.3288783431,-0.0111271646,-0.0178015456,0.4552816451
5,5,0.0488455743,-0.1320113689,0.2215615511,-0.0044929553,-0.0676215142,-0.0052566566,-0.0045198333,0.0676197037,2.90572643280029E-007,0.0467953049,0.1152648106,0.2301509082,-0.0105687436,-0.0128880367,0.3288783431,-0.0111271646,-0.0178015456,0.4552816451
6,6,0.0488455743,-0.1320113689,0.2215615511,-0.0044929553,-0.0676215142,-0.0052566566,-0.0045198333,0.0676197037,2.90572643280029E-007,0.0467953049,0.1152648106,0.2301509082,-0.0105687436,-0.0128880367,0.3288783431,-0.0111271646,-0.0178015456,0.4552816451
7,7,0.0488455743,-0.1320113689,0.2215615511,-0.0044929553,-0.0676215142,-0.0052566566,-0.0045198333,0.0676197037,2.90572643280029E-007,0.0467953049,0.1152648106,0.2301509082,-0.0105687436,-0.0128880367,0.3288783431,-0.0111271646,-0.0178015456,0.4552816451
8,8,0.0488455743,-0.1320113689,0.2215615511,-0.0044929553,-0.0676215142,-0.0052566566,-0.0045198333,0.0676197037,2.90572643280029E-007,0.0467953049,0.1152648106,0.2301509082,-0.0105687436,-0.0128880367,0.3288783431,-0.0111271646,-0.0178015456,0.4552816451
9,9,0.0488455743,-0.1320113689,0.2215615511,-0.0044929553,-0.0676215142,-0.0052566566,-0.0045198333,0.0676197037,2.90572643280029E-007,0.0467953049,0.1152648106,0.2301509082,-0.0105687436,-0.0128880367,0.3288783431,-0.0111271646,-0.0178015456,0.4552816451
10,10,0.0488455743,-0.1320113689,0.2215615511,-0.0044929553,-0.0676215142,-0.0052566566,-0.0045198333,0.0676197037,2.90572643280029E-007,0.0467953049,0.1152648106,0.2301509082,-0.0105687436,-0.0128880367,0.3288783431,-0.0111271646,-0.0178015456,0.4552816451
11,11,0.0488455743,-0.1320113689,0.2215615511,-0.0044929553,-0.0676215142,-0.0052566566,-0.0045198333,0.0676197037,2.90572643280029E-007,0.0467953049,0.1152648106,0.2301509082,-0.0105687436,-0.0128880367,0.3288783431,-0.0111271646,-0.0178015456,0.4552816451
12,12,0.0488455743,-0.1320113689,0.2215615511,-0.0044929553,-0.0676215142,-0.0052566566,-0.0045198333,0.0676197037,2.90572643280029E-007,0.0467953049,0.1152648106,0.2301509082,-0.0105687436,-0.0128880367,0.3288783431,-0.0111271646,-0.0178015456,0.4552816451
13,13,0.0488455743,-0.1320113689,0.2215615511,-0.0044929553,-0.0676215142,-0.0052566566,-0.0045198333,0.0676197037,2.90572643280029E-007,0.0467953049,0.1152648106,0.2301509082,-0.0105687436,-0.0128880367,0.3288783431,-0.0111271646,-0.0178015456,0.4552816451
14,14,0.0488455743,-0.1320113689,0.2215615511,-0.0044929553,-0.0676215142,-0.0052566566,-0.0045198333,0.0676197037,2.90572643280029E-007,0.0467953049,0.1152648106,0.2301509082,-0.0105687436,-0.0128880367,0.3288783431,-0.0111271646,-0.0178015456,0.4552816451
15,15,0.0488455743,-0.1320113689,0.2215615511,-0.0044929553,-0.0676215142,-0.0052566566,-0.0045198333,0.0676197037,2.90572643280029E-007,0.0467953049,0.1152648106,0.2301509082,-0.0105687436,-0.0128880367,0.3288783431,-0.0111271646,-0.0178015456,0.4552816451
16,16,0.0488455743,-0.1320113689,0.2215615511,-0.0044929553,-0.0676215142,-0.0052566566,-0.0045198333,0.0676197037,2.90572643280029E-007,0.0467953049,0.1152648106,0.2301509082,-0.0105687436,-0.0128880367,0.3288783431,-0.0111271646,-0.0178015456,0.4552816451
17,17,0.0488455743,-0.1320113689,0.2215615511,-0.0044929553,-0.0676215142,-0.0052566566,-0.0045198333,0.0676197037,2.90572643280029E-007,0.0467953049,0.1152648106,0.2301509082,-0.0105687436,-0.0128880367,0.3288783431,-0.0111271646,-0.0178015456,0.4552816451
18,18,0.0488455743,-0.1320113689,0.2215615511,-0.0044929553,-0.0676215142,-0.0052566566,-0.0045198333,0.0676197037,2.90572643280029E-007,0.0467953049,0.1152648106,0.2301509082,-0.0105687436,-0.0128880367,0.3288783431,-0.0111271646,-0.0178015456,0.4552816451
19,19,0.0488455743,-0.1320113689,0.2215615511,-0.0044929553,-0.0676215142,-0.0052566566,-0.0045198333,0.0676197037,2.90572643280029E-007,0.0467953049,0.1152648106,0.2301509082,-0.0105687436,-0.0128880367,0.3288783431,-0.0111271646,-0.0178015456,0.4552816451
20,20,0.0488455743,-0.1320113689,0.2215615511,-0.0044929553,-0.0676215142,-0.0052566566,-0.0045198333,0.0676197037,2.90572643280029E-007,0.0467953049,0.1152648106,0.2301509082,-0.0105687436,-0.0128880367,0.3288783431,-0.0111271646,-0.0178015456,0.4552816451
21,21,0.0488455743,-0.1320113689,0.2215615511,-0.0044929553,-0.0676215142,-0.0052566566,-0.0045198333,0.0676197037,2.90572643280029E-007,0.0467953049,0.1152648106,0.2301509082,-0.0105687436,-0.0128880367,0.3288783431,-0.0111271646,-0.0178015456,0.4552816451
22,22,0.0488455743,-0.1320113689,0.2215615511,-0.0044929553,-0.0676215142,-0.0052566566,-0.0045198333,0.0676197037,2.90572643280029E-007,0.0467953049,0.1152648106,0.2301509082,-0.0105687436,-0.0128880367,0.3288783431,-0.0111271646,-0.0178015456,0.4552816451
23,23,0.0488455743,-0.1320113689,0.2215615511,-0.0044929553,-0.0676215142,-0.0052566566,-0.0045198333,0.0676197037,2.90572643280029E-007,0.0467953049,0.1152648106,0.2301509082,-0.0105687436,-0.0128880367,0.3288783431,-0.0111271646,-0.0178015456,0.4552816451
24,24,0.0488455743,-0.1320113689,0.2215615511,-0.0044929553,-0.0676215142,-0.0052566566,-0.0045198333,0.0676197037,2.90572643280029E-007,0.0467953049,0.1152648106,0.2301509082,-0.0105687436,-0.0128880367,0.3288783431,-0.0111271646,-0.0178015456,0.4552816451
25,25,0.0488455743,-0.1320113689,0.2215615511,-0.0044929553,-0.0676215142,-0.0052566566,-0.0045198333,0.0676197037,2.90572643280029E-007,0.0467953049,0.1152648106,0.2301509082,-0.0105687436,-0.0128880367,0.3288783431,-0.0111271646,-0.0178015456,0.4552816451
26,26,0.0488455743,-0.1320113689,0.2215615511,-0.0044929553,-0.0676215142,-0.0052566566,-0.0045198333,0.0676197037,2.90572643280029E-007,0.0467953049,0.1152648106,0.2301509082,-0.0105687436,-0.0128880367,0.3288783431,-0.0111271646,-0.0178015456,0.4552816451
27,27,0.0488455743,-0.1320113689,0.2215615511,-0.0044929553,-0.0676215142,-0.0052566566,-0.0045198333,0.0676197037,2.90572643280029E-007,0.0467953049,0.1152648106,0.2301509082,-0.0105687436,-0.0128880367,0.3288783431,-0.0111271646,-0.0178015456,0.4552816451
28,28,0.0488455743,-0.1320113689,0.2215615511,-0.0044929553,-0.0676215142,-0.0052566566,-0.0045198333,0.0676197037,2.90572643280029E-007,0.0467953049,0.1152648106,0.2301509082,-0.0105687436,-0.0128880367,0.3288783431,-0.0111271646,-0.0178015456,0.4552816451
29,29,0.0488455743,-0.1320113689,0.2215615511,-0.0044929553,-0.0676215142,-0.0052566566,-0.0045198333,0.0676197037,2.90572643280029E-007,0.0467953049,0.1152648106,0.2301509082,-0.0105687436,-0.0128880367,0.3288783431,-0.0111271646,-0.0178015456,0.4552816451
30,30,0.0488455743,-0.1320113689,0.2215615511,-0.0044929553,-0.0676215142,-0.0052566566,-0.0045198333,0.0676197037,2.90572643280029E-007,0.0467953049,0.1152648106,0.2301509082,-0.0105687436,-0.0128880367,0.3288783431,-0.0111271646,-0.0178015456,0.4552816451
31,31,0.0488455743,-0.1320113689,0.2215615511,-0.0044929553,-0.0676215142,-0.0052566566,-0.0045198333,0.0676197037,2.90572643280029E-007,0.0467953049,0.1152648106,0.2301509082,-0.0105687436,-0.0128880367,0.3288783431,-0.0111271646,-0.0178015456,0.4552816451
32,32,0.0488455743,-0.1320113689,0.2215615511,-0.0044929553,-0.0676215142,-0.0052566566,-0.0045198333,0.0676197037,2.90572643280029E-007,0.0467953049,0.1152648106,0.2301509082,-0.0105687436,-0.0128880367,0.3288783431,-0.0111271646,-0.0178015456,0.4552816451
33,33,0.0488455743,-0.1320113689,0.2215615511,-0.0044929553,-0.0676215142,-0.0052566566,-0.0045198333,0.0676197037,2.90572643280029E-007,0.0467953049,0.1152648106,0.2301509082,-0.0105687436,-0.0128880367,0.3288783431,-0.0111271646,-0.0178015456,0.4552816451
34,34,0.0488455743,-0.1320113689,0.2215615511,-0.0044929553,-0.0676215142,-0.0052566566,-0.0045198333,0.0676197037,2.90572643280029E-007,0.0467953049,0.1152648106,0.2301509082,-0.0105687436,-0.0128880367,0.3288783431,-0.0111271646,-0.0178015456,0.4552816451
35,35,0.0488455743,-0.1320113689,0.2215615511,-0.0044929553,-0.0676215142,-0.0052566566,-0.0045198333,0.0676197037,2.90572643280029E-007,0.0467953049,0.1152648106,0.2301509082,-0.0105687436,-0.0128880367,0.3288783431,-0.0111271646,-0.0178015456,0.4552816451
36,36,0.0488455743,-0.1320113689,0.2215615511,-0.0044929553,-0.0676215142,-0.0052566566,-0.0045198333,0.0676197037,2.90572643280029E-007,0.0482739359,0.1164554209,0.2311474383,-0.0105687436,-0.0128880367,0.3288783431,-0.0111271646,-0.0178015456,0.4552816451
37,37,0.048718743,-0.1352450103,0.2217417508,-0.0044929553,-0.0676215142,-0.0052566566,-0.0045198333,0.0676197037,2.90572643280029E-007,0.0485178977,0.1165411323,0.2312660962,-0.0105687436,-0.0128880367,0.3288783431,-0.0111271646,-0.0178015456,0.4552816451
38,38,0.0488117412,-0.1355051249,0.2217885554,-0.0044929553,-0.0676215142,-0.0052566566,-0.0045198333,0.0676197037,2.90572643280029E-007,0.048886016,0.1166424528,0.2314350009,-0.0105687436,-0.0128880367,0.3288783431,-0.0111271646,-0.0178015456,0.4552816451
39,39,0.0489324704,-0.1357561052,0.2218432277,-0.0044929553,-0.0676215142,-0.0052566566,-0.0045198333,0.0676197037,2.90572643280029E-007,0.0493066087,0.1167258993,0.2316164076,-0.0105687436,-0.0128880367,0.3288783431,-0.0111271646,-0.0178015456,0.4552816451
40,40,0.0491411611,-0.1360718161,0.2219295949,-0.0044929553,-0.0676215142,-0.0052566566,-0.0045198333,0.0676197037,2.90572643280029E-007,0.0496586859,0.1167748123,0.2317608446,-0.0105687436,-0.0128880367,0.3288783431,-0.0111271646,-0.0178015456,0.4552816451
41,41,0.0493369773,-0.1362910271,0.2220052928,-0.0044929553,-0.0676215142,-0.0052566566,-0.0045198333,0.0676197037,2.90572643280029E-007,0.0500438437,0.1168103442,0.2319126278,-0.0105687436,-0.0128880367,0.3288783431,-0.0111271646,-0.0178015456,0.4552816451
42,42,0.0495692976,-0.1364922225,0.2220909894,-0.0044929553,-0.0676215142,-0.0052566566,-0.0045198333,0.0676197037,2.90572643280029E-007,0.0504635125,0.1168311611,0.2320719063,-0.0105687436,-0.0128880367,0.3288783431,-0.0111271646,-0.0178015456,0.4552816451
43,43,0.0498407409,-0.1366728693,0.222187385,-0.0044929553,-0.0676215142,-0.0052566566,-0.0045198333,0.0676197037,2.90572643280029E-007,0.0509191491,0.1168358624,0.232238844,-0.0105687436,-0.0128880367,0.3288783431,-0.0111271646,-0.0178015456,0.4552816451
44,44,0.0501538143,-0.1368303299,0.2222951949,-0.0044929553,-0.0676215142,-0.0052566566,-0.0045198333,0.0676197037,2.90572643280029E-007,0.0514121354,0.116823025,0.2324136496,-0.0105687436,-0.0128880367,0.3288783431,-0.0111271646,-0.0178015456,0.4552816451
45,45,0.0505109504,-0.1369621009,0.22241503,-0.0044929553,-0.0676215142,-0.0052566566,-0.0045198333,0.0676197037,2.90572643280029E-007,0.0519438162,0.1167913377,0.2325965762,-0.0105687436,-0.0128880367,0.3288783431,-0.0111271646,-0.0178015456,0.4552816451
46,46,0.0510598384,-0.1370933652,0.222594887,-0.0044929553,-0.0676215142,-0.0052566566,-0.0045198333,0.0676197037,2.90572643280029E-007,0.0525155477,0.116739355,0.2327878624,-0.0105687436,-0.0128880367,0.3288783431,-0.0111271646,-0.0178015456,0.4552816451
47,47,0.0515290834,-0.1371552348,0.2227458209,-0.0044929553,-0.0676215142,-0.0052566566,-0.0045198333,0.0676197037,2.90572643280029E-007,0.053128548,0.1166657731,0.2329877615,-0.0105687436,-0.0128880367,0.3288783431,-0.0111271646,-0.0178015456,0.4552816451
48,48,0.0520501658,-0.1371829361,0.2229114175,-0.0044929553,-0.0676215142,-0.0052566566,-0.0045198333,0.0676197037,2.90572643280029E-007,0.0537841171,0.1165691987,0.2331966609,-0.0105687436,-0.0128880367,0.3288783431,-0.0111271646,-0.0178015456,0.4552816451
49,49,0.052625291,-0.137173906,0.2230925858,-0.0044929553,-0.0676215142,-0.0052566566,-0.0045198333,0.0676197037,2.90572643280029E-007,0.0544834211,0.1164482906,0.2334148586,-0.0105687436,-0.0128880367,0.3288783431,-0.0111271646,-0.0178015456,0.4552816451
50,50,0.0532565191,-0.1371255815,0.2232902944,-0.0044929553,-0.0676215142,-0.0052566566,-0.0045198333,0.0676197037,2.90572643280029E-007,0.0552276149,0.1163016781,0.2336428463,-0.0105687436,-0.0128880367,0.3288783431,-0.0111271646,-0.0178015456,0.4552816451
51,51,0.0539459288,-0.1370355338,0.2235055566,-0.0044929553,-0.0676215142,-0.0052566566,-0.0045198333,0.0676197037,2.90572643280029E-007,0.0562977046,0.1160643995,0.2339651138,-0.0105687436,-0.0128880367,0.3288783431,-0.0111271646,-0.0178015456,0.4552816451
52,52,0.0549894124,-0.1368544996,0.2238317877,-0.0044929553,-0.0676215142,-0.0052566566,-0.0045198333,0.0676197037,2.90572643280029E-007,0.0572038963,0.115855895,0.2342380434,-0.0105687436,-0.0128880367,0.3288783431,-0.0111271646,-0.0178015456,0.4552816451
53,53,0.055917494,-0.1366805881,0.2241244167,-0.0044929553,-0.0676215142,-0.0052566566,-0.0045198333,0.0676197037,2.90572643280029E-007,0.0582409129,0.1156182811,0.2345545441,-0.0105687436,-0.0128880367,0.3288783431,-0.0111271646,-0.0178015456,0.4552816451
54,54,0.0569974706,-0.1364734024,0.2244693637,-0.0044929553,-0.0676215142,-0.0052566566,-0.0045198333,0.0676197037,2.90572643280029E-007,0.0598598942,0.1152479798,0.2350602001,-0.0105687436,-0.0128880367,0.3288783431,-0.0111271646,-0.0178015456,0.4552816451
55,55,0.0582414642,-0.1362304688,0.2248734683,-0.0044929553,-0.0676215142,-0.0052566566,-0.0045198333,0.0676197037,2.90572643280029E-007,0.0612628423,0.1149249747,0.2355101854,-0.0105687436,-0.0128880367,0.3288783431,-0.0111271646,-0.0178015456,0.4552816451
56,56,0.0601634383,-0.1358470619,0.2255133539,-0.0044929553,-0.0676215142,-0.0052566566,-0.0045198333,0.0676197037,2.90572643280029E-007,0.0628304183,0.1145603433,0.2360262126,-0.0105687436,-0.0128880367,0.3288783431,-0.0111271646,-0.0178015456,0.4552816451
57,57,0.06180254,-0.1355133951,0.2260746509,-0.0044929553,-0.0676215142,-0.0052566566,-0.0045198333,0.0676197037,2.90572643280029E-007,0.0651742518,0.1140079796,0.2368241549,-0.0105687436,-0.0128880367,0.3288783431,-0.0111271646,-0.0178015456,0.4552816451
58,58,0.0636077672,-0.1351402551,0.2267099321,-0.0044929553,-0.0676215142,-0.0052566566,-0.0045198333,0.0676197037,2.90572643280029E-007,0.0670875981,0.1135478988,0.2375008166,-0.0105687436,-0.0128880367,0.3288783431,-0.0111271646,-0.0178015456,0.4552816451
59,59,0.0655739754,-0.1347287148,0.2274228483,-0.0044929553,-0.0676215142,-0.0052566566,-0.0045198333,0.0676197037,2.90572643280029E-007,0.0691117495,0.1130629405,0.2382425964,-0.0105687436,-0.0128880367,0.3288783431,-0.0111271646,-0.0178015456,0.4552816451
60,60,0.067694895,-0.1342806518,0.2282168716,-0.0044929553,-0.0676215142,-0.0052566566,-0.0045198333,0.0676197037,2.90572643280029E-007,0.0713017583,0.1125457585,0.2390723825,-0.0105687436,-0.0128880367,0.3288783431,-0.0111271646,-0.0178015456,0.4552816451
61,61,0.0699634328,-0.133798629,0.2290954143,-0.0044929553,-0.0676215142,-0.0052566566,-0.0045198333,0.0676197037,2.90572643280029E-007,0.073766008,0.1119735092,0.240046218,-0.0105687436,-0.0128880367,0.3288783431,-0.0111271646,-0.0178015456,0.4552816451
62,62,0.0726141557,-0.1332533658,0.2301690131,-0.0044929553,-0.0676215142,-0.0052566566,-0.0045198333,0.0676197037,2.90572643280029E-007,0.0765505284,0.1113662049,0.2412034869,-0.0105687436,-0.0128880367,0.3288783431,-0.0111271646,-0.0178015456,0.4552816451
63,63,0.0754353106,-0.1327101588,0.2313633561,-0.0044929553,-0.0676215142,-0.0052566566,-0.0045198333,0.0676197037,2.90572643280029E-007,0.080368191,0.1105802059,0.2428735644,-0.0105687436,-0.0128880367,0.3288783431,-0.0111271646,-0.0178015456,0.4552816451
64,64,0.0792947635,-0.1320149153,0.2330787182,-0.0044929553,-0.0676215142,-0.0052566566,-0.0045198333,0.0676197037,2.90572643280029E-007,0.0833313465,0.1099967957,0.2442372292,-0.0105687436,-0.0128880367,0.3288783431,-0.0111271646,-0.0178015456,0.4552816451
65,65,0.0822844505,-0.1315066069,0.2344734222,-0.0044929553,-0.0676215142,-0.0052566566,-0.0045198333,0.0676197037,2.90572643280029E-007,0.0863883942,0.1094125509,0.24570705,-0.0105687436,-0.0128880367,0.3288783431,-0.0111271646,-0.0178015456,0.4552816451
66,66,0.0864101425,-0.1308394969,0.236495167,-0.0044929553,-0.0676215142,-0.0052566566,-0.0045198333,0.0676197037,2.90572643280029E-007,0.0895414054,0.1088247076,0.2472913265,-0.0105687436,-0.0128880367,0.3288783431,-0.0111271646,-0.0178015456,0.4552816451
67,67,0.0896105096,-0.130345419,0.2381432503,-0.0044929553,-0.0676215142,-0.0052566566,-0.0045198333,0.0676197037,2.90572643280029E-007,0.0938931182,0.1080331132,0.2495950758,-0.0105687436,-0.0128880367,0.3288783431,-0.0111271646,-0.0178015456,0.4552816451
68,68,0.0929000378,-0.1298569441,0.2399121523,-0.0044929553,-0.0676215142,-0.0052566566,-0.0045198333,0.0676197037,2.90572643280029E-007,0.0972641855,0.1074333936,0.2514760494,-0.0105687436,-0.0128880367,0.3288783431,-0.0111271646,-0.0178015456,0.4552816451
69,69,0.0962755233,-0.1293750554,0.2418086827,-0.0044929553,-0.0676215142,-0.0052566566,-0.0045198333,0.0676197037,2.90572643280029E-007,0.101470463,0.106724143,0.2539977431,-0.0105687436,-0.0128880367,0.3288783431,-0.0111271646,-0.0178015456,0.4552816451
70,70,0.1001453847,-0.1288331896,0.2441120446,-0.0044929553,-0.0676215142,-0.0052566566,-0.0045198333,0.0676197037,2.90572643280029E-007,0.1058838293,0.1061627343,0.2568182945,-0.0105687436,-0.0128880367,0.3288783431,-0.0111271646,-0.0178015456,0.4552816451
71,71,0.104654938,-0.1283899397,0.2469814718,-0.0044929553,-0.0676215142,-0.0052566566,-0.0045198333,0.0676197037,2.90572643280029E-007,0.1102010608,0.1057169139,0.2597347498,-0.0105687436,-0.0128880367,0.3288783431,-0.0111271646,-0.0178015456,0.4552816451
72,72,0.1104359776,-0.12808007,0.250898242,-0.0044929553,-0.0676215142,-0.0052566566,-0.0045198333,0.0676197037,2.90572643280029E-007,0.1144882888,0.1053158119,0.2627906799,-0.0105687436,-0.0128880367,0.3288783431,-0.0111271646,-0.0178015456,0.4552816451
73,73,0.1147184223,-0.1279361397,0.2539831698,-0.0044929553,-0.0676215142,-0.0052566566,-0.0045198333,0.0676197037,2.90572643280029E-007,0.1189794093,0.1049341112,0.2661679089,-0.0105687436,-0.0128880367,0.3288783431,-0.0111271646,-0.0178015456,0.4552816451
74,74,0.118993476,-0.1278237998,0.2572285235,-0.0044929553,-0.0676215142,-0.0052566566,-0.0045198333,0.0676197037,2.90572643280029E-007,0.1234367788,0.1045613289,0.2697134018,-0.0105687436,-0.0128880367,0.3288783431,-0.0111271646,-0.0178015456,0.4552816451
75,75,0.123569414,-0.1277653575,0.2608967423,-0.0044929553,-0.0676215142,-0.0052566566,-0.0045198333,0.0676197037,2.90572643280029E-007,0.1297537088,0.1041631252,0.2751086354,-0.0105687436,-0.0128880367,0.3288783431,-0.0111271646,-0.0178015456,0.4552816451
76,76,0.1280971766,-0.1277965605,0.264744848,-0.0044929553,-0.0676215142,-0.0052566566,-0.0045198333,0.0676197037,2.90572643280029E-007,0.1342301369,0.1039295048,0.2792156637,-0.0105687436,-0.0128880367,0.3288783431,-0.0111271646,-0.0178015456,0.4552816451
77,77,0.1339538097,-0.1279025525,0.2700676918,-0.0044929553,-0.0676215142,-0.0052566566,-0.0045198333,0.0676197037,2.90572643280029E-007,0.1386014819,0.1037127003,0.2834688127,-0.0105687436,-0.0128880367,0.3288783431,-0.0111271646,-0.0178015456,0.4552816451
78,78,0.1382710338,-0.1280067712,0.2742606401,-0.0044929553,-0.0676215142,-0.0052566566,-0.0045198333,0.0676197037,2.90572643280029E-007,0.1443198025,0.1034266129,0.2894262075,-0.0105687436,-0.0128880367,0.3288783431,-0.0111271646,-0.0178015456,0.4552816451
79,79,0.142535165,-0.1281239986,0.2786468267,-0.0044929553,-0.0676215142,-0.0052566566,-0.0045198333,0.0676197037,2.90572643280029E-007,0.1485309303,0.1032071859,0.2941280901,-0.0105687436,-0.0128880367,0.3288783431,-0.0111271646,-0.0178015456,0.4552816451
80,80,0.1481294334,-0.1282958239,0.2848085165,-0.0044929553,-0.0676215142,-0.0052566566,-0.0045198333,0.0676197037,2.90572643280029E-007,0.1526676714,0.1029811054,0.2990367413,-0.0105687436,-0.0128880367,0.3288783431,-0.0111271646,-0.0178015456,0.4552816451
81,81,0.1522433162,-0.1284348816,0.2896682322,-0.0044929553,-0.0676215142,-0.0052566566,-0.0045198333,0.0676197037,2.90572643280029E-007,0.1580473781,0.1026680544,0.3059050143,-0.0105687436,-0.0128880367,0.3288783431,-0.0111271646,-0.0178015456,0.4552816451
82,82,0.1562731564,-0.1285821348,0.2947323918,-0.0044929553,-0.0676215142,-0.0052566566,-0.0045198333,0.0676197037,2.90572643280029E-007,0.1619629711,0.1024242789,0.3112972379,-0.0105687436,-0.0128880367,0.3288783431,-0.0111271646,-0.0178015456,0.4552816451
83,83,0.1602056324,-0.12873739,0.2999992967,-0.0044929553,-0.0676215142,-0.0052566566,-0.0045198333,0.0676197037,2.90572643280029E-007,0.1657610536,0.1021728367,0.3168930113,-0.0105687436,-0.0128880367,0.3288783431,-0.0111271646,-0.0178015456,0.4552816451
84,84,0.1640271097,-0.1289005131,0.3054663241,-0.0044929553,-0.0676215142,-0.0052566566,-0.0045198333,0.0676197037,2.90572643280029E-007,0.1694277525,0.1019138545,0.3226885796,-0.0105687436,-0.0128880367,0.3288783431,-0.0111271646,-0.0178015456,0.4552816451
85,85,0.1677240431,-0.1290713698,0.3111297786,-0.0044929553,-0.0676215142,-0.0052566566,-0.0045198333,0.0676197037,2.90572643280029E-007,0.1729493439,0.1016475707,0.3286790252,-0.0105687436,-0.0128880367,0.3288783431,-0.0111271646,-0.0178015456,0.4552816451
86,86,0.1712830514,-0.1292497814,0.3169851601,-0.0044929553,-0.0676215142,-0.0052566566,-0.0045198333,0.0676197037,2.90572643280029E-007,0.1763122082,0.1013742536,0.3348587453,-0.0105687436,-0.0128880367,0.3288783431,-0.0111271646,-0.0178015456,0.4552816451
87,87,0.1746909618,-0.1294356585,0.3230270743,-0.0044929553,-0.0676215142,-0.0052566566,-0.0045198333,0.0676197037,2.90572643280029E-007,0.1795031726,0.1010942236,0.3412211239,-0.0105687436,-0.0128880367,0.3288783431,-0.0111271646,-0.0178015456,0.4552816451
88,88,0.1779348254,-0.1296286881,0.3292493522,-0.0044929553,-0.0676215142,-0.0052566566,-0.0045198333,0.0676197037,2.90572643280029E-007,0.182509467,0.1008077636,0.3477587402,-0.0105687436,-0.0128880367,0.3288783431,-0.0111271646,-0.0178015456,0.4552816451
89,89,0.1810022593,-0.1298287958,0.335644871,-0.0044929553,-0.0676215142,-0.0052566566,-0.0045198333,0.0676197037,2.90572643280029E-007,0.1853186935,0.100515306,0.354463309,-0.0105687436,-0.0128880367,0.3288783431,-0.0111271646,-0.0178015456,0.4552816451
90,90,0.1838812232,-0.1300356388,0.3422059119,-0.0044929553,-0.0676215142,-0.0052566566,-0.0045198333,0.0676197037,2.90572643280029E-007,0.1879190505,0.1002172083,0.3613258302,-0.0105687436,-0.0128880367,0.3288783431,-0.0111271646,-0.0178015456,0.4552816451
91,91,0.1865601987,-0.130248934,0.348923862,-0.0044929553,-0.0676215142,-0.0052566566,-0.0045198333,0.0676197037,2.90572643280029E-007,0.1902992874,0.0999139398,0.3683364689,-0.0105687436,-0.0128880367,0.3288783431,-0.0111271646,-0.0178015456,0.4552816451
92,92,0.1890281141,-0.1304683387,0.3557893932,-0.0044929553,-0.0676215142,-0.0052566566,-0.0045198333,0.0676197037,2.90572643280029E-007,0.1924488544,0.0996059179,0.3754846752,-0.0105687436,-0.0128880367,0.3288783431,-0.0111271646,-0.0178015456,0.4552816451
93,93,0.1912746727,-0.1306935698,0.3627925217,-0.0044929553,-0.0676215142,-0.0052566566,-0.0045198333,0.0676197037,2.90572643280029E-007,0.1943578273,0.0992936194,0.3827592134,-0.0105687436,-0.0128880367,0.3288783431,-0.0111271646,-0.0178015456,0.4552816451
94,94,0.1932901442,-0.1309241802,0.3699224591,-0.0044929553,-0.0676215142,-0.0052566566,-0.0045198333,0.0676197037,2.90572643280029E-007,0.1960170269,0.0989775807,0.3901481628,-0.0105687436,-0.0128880367,0.3288783431,-0.0111271646,-0.0178015456,0.4552816451
95,95,0.195602566,-0.1312394291,0.3796066344,-0.0044929553,-0.0676215142,-0.0052566566,-0.0045198333,0.0676197037,2.90572643280029E-007,0.1978265196,0.0985512584,0.4001563787,-0.0105687436,-0.0128880367,0.3288783431,-0.0111271646,-0.0178015456,0.4552816451
96,96,0.1974690855,-0.1315625161,0.3894674778,-0.0044929553,-0.0676215142,-0.0052566566,-0.0045198333,0.0676197037,2.90572643280029E-007,0.1988719851,0.0982285067,0.4077626467,-0.0105687436,-0.0128880367,0.3288783431,-0.0111271646,-0.0178015456,0.4552816451
97,97,0.198566258,-0.1318093836,0.3969610631,-0.0044929553,-0.0676215142,-0.0052566566,-0.0045198333,0.0676197037,2.90572643280029E-007,0.1998385042,0.0977953151,0.4180118442,-0.0105687436,-0.0128880367,0.3288783431,-0.0111271646,-0.0178015456,0.4552816451
98,98,0.199397251,-0.1320595741,0.4045237899,-0.0044929553,-0.0676215142,-0.0052566566,-0.0045198333,0.0676197037,2.90572643280029E-007,0.2002359778,0.0974689722,0.4257609248,-0.0105687436,-0.0128880367,0.3288783431,-0.0111271646,-0.0178015456,0.4552816451
99,99,0.2000824809,-0.132397458,0.4146915078,-0.0044929553,-0.0676215142,-0.0052566566,-0.0045198333,0.0676197037,2.90572643280029E-007,0.2003217638,0.0970330983,0.4361482263,-0.0105687436,-0.0128880367,0.3288783431,-0.0111271646,-0.0178015456,0.4552816451
100,100,0.2002741694,-0.1326534599,0.4223620892,-0.0044929553,-0.0676215142,-0.0052566566,-0.0045198333,0.0676197037,2.90572643280029E-007,0.2000491768,0.0967063978,0.4439608455,-0.0105687436,-0.0128880367,0.3288783431,-0.0111271646,-0.0178015456,0.4552816451
101,101,0.2001863718,-0.1329110712,0.4300552905,-0.0044929553,-0.0676215142,-0.0052566566,-0.0045198333,0.0676197037,2.90572643280029E-007,0.1994857788,0.0963805541,0.4517756701,-0.0105687436,-0.0128880367,0.3288783431,-0.0111271646,-0.0178015456,0.4552816451
102,102,0.1998172104,-0.1331697702,0.4377565384,-0.0044929553,-0.0676215142,-0.0052566566,-0.0045198333,0.0676197037,2.90572643280029E-007,0.1989482641,0.0961641297,0.4569792747,-0.0105687436,-0.0128880367,0.3288783431,-0.0111271646,-0.0178015456,0.4552816451
103,103,0.1991657764,-0.133428961,0.4454513192,-0.0044929553,-0.0676215142,-0.0052566566,-0.0045198333,0.0676197037,2.90572643280029E-007,0.1978992969,0.09584108,0.4647640288,-0.0105687436,-0.0128880367,0.3288783431,-0.0111271646,-0.0178015456,0.4552816451
104,104,0.1982321739,-0.1336881518,0.4531249106,-0.0044929553,-0.0676215142,-0.0052566566,-0.0045198333,0.0676197037,2.90572643280029E-007,0.1960495561,0.0954143703,0.4750815332,-0.0105687436,-0.0128880367,0.3288783431,-0.0111271646,-0.0178015456,0.4552816451
105,105,0.1970175505,-0.1339467764,0.4607627988,-0.0044929553,-0.0676215142,-0.0052566566,-0.0045198333,0.0676197037,2.90572643280029E-007,0.194326818,0.0950980783,0.4827536047,-0.0105687436,-0.0128880367,0.3288783431,-0.0111271646,-0.0178015456,0.4552816451
106,106,0.1955239177,-0.1342042983,0.4683505595,-0.0044929553,-0.0676215142,-0.0052566566,-0.0045198333,0.0676197037,2.90572643280029E-007,0.1923204809,0.0947856382,0.4903526008,-0.0105687436,-0.0128880367,0.3288783431,-0.0111271646,-0.0178015456,0.4552816451
107,107,0.1937544644,-0.1344601661,0.4758738577,-0.0044929553,-0.0676215142,-0.0052566566,-0.0045198333,0.0676197037,2.90572643280029E-007,0.1900349259,0.0944776982,0.4978639483,-0.0105687436,-0.0128880367,0.3288783431,-0.0111271646,-0.0178015456,0.4552816451
108,108,0.1917131841,-0.1347138882,0.4833186567,-0.0044929553,-0.0676215142,-0.0052566566,-0.0045198333,0.0676197037,2.90572643280029E-007,0.187475726,0.0941747427,0.5052735209,-0.0105687436,-0.0128880367,0.3288783431,-0.0111271646,-0.0178015456,0.4552816451
109,109,0.1894051433,-0.1349648088,0.4906711876,-0.0044929553,-0.0676215142,-0.0052566566,-0.0045198333,0.0676197037,2.90572643280029E-007,0.1846492589,0.0938773379,0.5125675201,-0.0105687436,-0.0128880367,0.3288783431,-0.0111271646,-0.0178015456,0.4552816451
110,110,0.1868362576,-0.1352125853,0.4979181588,-0.0044929553,-0.0676215142,-0.0052566566,-0.0045198333,0.0676197037,2.90572643280029E-007,0.1815629601,0.0935860351,0.5197326541,-0.0105687436,-0.0128880367,0.3288783431,-0.0111271646,-0.0178015456,0.4552816451
111,111,0.1840133369,-0.1354566067,0.5050467253,-0.0044929553,-0.0676215142,-0.0052566566,-0.0045198333,0.0676197037,2.90572643280029E-007,0.1782250851,0.0933012888,0.5267562866,-0.0105687436,-0.0128880367,0.3288783431,-0.0111271646,-0.0178015456,0.4552816451
112,112,0.1798677444,-0.1357753873,0.5143457651,-0.0044929553,-0.0676215142,-0.0052566566,-0.0045198333,0.0676197037,2.90572643280029E-007,0.1733990312,0.0929326415,0.5358800292,-0.0105687436,-0.0128880367,0.3288783431,-0.0111271646,-0.0178015456,0.4552816451
113,113,0.1764834523,-0.136008963,0.5211506486,-0.0044929553,-0.0676215142,-0.0052566566,-0.0045198333,0.0676197037,2.90572643280029E-007,0.1695108712,0.0926650092,0.5425273776,-0.0105687436,-0.0128880367,0.3288783431,-0.0111271646,-0.0178015456,0.4552816451
114,114,0.1703473926,-0.1363864243,0.5321370363,-0.0044929553,-0.0676215142,-0.0052566566,-0.0045198333,0.0676197037,2.90572643280029E-007,0.1625512242,0.0922369435,0.5532031059,-0.0105687436,-0.0128880367,0.3288783431,-0.0111271646,-0.0178015456,0.4552816451
115,115,0.1650205255,-0.1366767287,0.5405797362,-0.0044929553,-0.0676215142,-0.0052566566,-0.0045198333,0.0676197037,2.90572643280029E-007,0.1581069827,0.0919915065,0.5593510866,-0.0105687436,-0.0128880367,0.3288783431,-0.0111271646,-0.0178015456,0.4552816451
116,116,0.1607991457,-0.1368871331,0.54669559,-0.0044929553,-0.0676215142,-0.0052566566,-0.0045198333,0.0676197037,2.90572643280029E-007,0.1534766108,0.0917550027,0.5652958155,-0.0105687436,-0.0128880367,0.3288783431,-0.0111271646,-0.0178015456,0.4552816451
117,117,0.1563971043,-0.1370908171,0.5526172519,-0.0044929553,-0.0676215142,-0.0052566566,-0.0045198333,0.0676197037,2.90572643280029E-007,0.1486731172,0.0915276706,0.5710296035,-0.0105687436,-0.0128880367,0.3288783431,-0.0111271646,-0.0178015456,0.4552816451
118,118,0.1518269926,-0.1372876167,0.5583373308,-0.0044929553,-0.0676215142,-0.0052566566,-0.0045198333,0.0676197037,2.90572643280029E-007,0.1437099278,0.0913098305,0.5765460134,-0.0105687436,-0.0128880367,0.3288783431,-0.0111271646,-0.0178015456,0.4552816451
119,119,0.1471017301,-0.1374772191,0.5638495684,-0.0044929553,-0.0676215142,-0.0052566566,-0.0045198333,0.0676197037,2.90572643280029E-007,0.1368680298,0.09103439,0.583553493,-0.0105687436,-0.0128880367,0.3288783431,-0.0111271646,-0.0178015456,0.4552816451
120,120,0.1422346234,-0.1376594007,0.5691486597,-0.0044929553,-0.0676215142,-0.0052566566,-0.0045198333,0.0676197037,2.90572643280029E-007,0.1315867156,0.0908392817,0.5885421634,-0.0105687436,-0.0128880367,0.3288783431,-0.0111271646,-0.0178015456,0.4552816451
121,121,0.1372392923,-0.1378339827,0.5742297173,-0.0044929553,-0.0676215142,-0.0052566566,-0.0045198333,0.0676197037,2.90572643280029E-007,0.1261930019,0.0906541348,0.5932981968,-0.0105687436,-0.0128880367,0.3288783431,-0.0111271646,-0.0178015456,0.4552816451
122,122,0.1321295798,-0.1380008012,0.5790890455,-0.0044929553,-0.0676215142,-0.0052566566,-0.0045198333,0.0676197037,2.90572643280029E-007,0.1207014918,0.0904790312,0.5978190303,-0.0105687436,-0.0128880367,0.3288783431,-0.0111271646,-0.0178015456,0.4552816451
123,123,0.126919508,-0.1381597519,0.5837240219,-0.0044929553,-0.0676215142,-0.0052566566,-0.0045198333,0.0676197037,2.90572643280029E-007,0.1151269153,0.0903140008,0.6021031737,-0.0105687436,-0.0128880367,0.3288783431,-0.0111271646,-0.0178015456,0.4552816451
124,124,0.1216232181,-0.1383107305,0.5881325603,-0.0044929553,-0.0676215142,-0.0052566566,-0.0045198333,0.0676197037,2.90572643280029E-007,0.1113716662,0.0902095735,0.6048272848,-0.0105687436,-0.0128880367,0.3288783431,-0.0111271646,-0.0178015456,0.4552816451
125,125,0.1162549332,-0.1384536624,0.5923135281,-0.0044929553,-0.0676215142,-0.0052566566,-0.0045198333,0.0676197037,2.90572643280029E-007,0.1056913882,0.0900612772,0.6087156534,-0.0105687436,-0.0128880367,0.3288783431,-0.0111271646,-0.0178015456,0.4552816451
126,126,0.1108287871,-0.1385886073,0.5962671041,-0.0044929553,-0.0676215142,-0.0052566566,-0.0045198333,0.0676197037,2.90572643280029E-007,0.0999672413,0.0899229795,0.6123675108,-0.0105687436,-0.0128880367,0.3288783431,-0.0111271646,-0.0178015456,0.4552816451
127,127,0.1053589359,-0.1387154758,0.5999935269,-0.0044929553,-0.0676215142,-0.0052566566,-0.0045198333,0.0676197037,2.90572643280029E-007,0.0944627002,0.0898333937,0.615636766,-0.0105687436,-0.0128880367,0.3288783431,-0.0111271646,-0.0178015456,0.4552816451
128,128,0.0998594016,-0.1388343573,0.6034945846,-0.0044929553,-0.0676215142,-0.0052566566,-0.0045198333,0.0676197037,2.90572643280029E-007,0.088951312,0.089828372,0.6186876297,-0.0105687436,-0.0128880367,0.3288783431,-0.0111271646,-0.0178015456,0.4552816451
129,129,0.0944731086,-0.1389539838,0.6066949368,-0.0044929553,-0.0676215142,-0.0052566566,-0.0045198333,0.0676197037,2.90572643280029E-007,0.0833614022,0.0898685008,0.621568203,-0.0105687436,-0.0128880367,0.3288783431,-0.0111271646,-0.0178015456,0.4552816451
130,130,0.0892388523,-0.1391374469,0.6095919609,-0.0044929553,-0.0676215142,-0.0052566566,-0.0045198333,0.0676197037,2.90572643280029E-007,0.0777427107,0.0899345875,0.6242560148,-0.0105687436,-0.0128880367,0.3288783431,-0.0111271646,-0.0178015456,0.4552816451
131,131,0.0839224607,-0.139361158,0.6123369336,-0.0044929553,-0.0676215142,-0.0052566566,-0.0045198333,0.0676197037,2.90572643280029E-007,0.0702577978,0.0900464803,0.6275277734,-0.0105687436,-0.0128880367,0.3288783431,-0.0111271646,-0.0178015456,0.4552816451
132,132,0.0768020749,-0.1396811903,0.6157189608,-0.0044929553,-0.0676215142,-0.0052566566,-0.0045198333,0.0676197037,2.90572643280029E-007,0.0646753013,0.0901417062,0.6297476292,-0.0105687436,-0.0128880367,0.3288783431,-0.0111271646,-0.0178015456,0.4552816451
133,133,0.0714790523,-0.139922753,0.6180374026,-0.0044929553,-0.0676215142,-0.0052566566,-0.0045198333,0.0676197037,2.90572643280029E-007,0.0573030412,0.090278551,0.6324024796,-0.0105687436,-0.0128880367,0.3288783431,-0.0111271646,-0.0178015456,0.4552816451
134,134,0.0661939308,-0.1401595622,0.6201690435,-0.0044929553,-0.0676215142,-0.0052566566,-0.0045198333,0.0676197037,2.90572643280029E-007,0.0518443435,0.0903864205,0.6341719031,-0.0105687436,-0.0128880367,0.3288783431,-0.0111271646,-0.0178015456,0.4552816451
135,135,0.0609621853,-0.1403888166,0.6221176982,-0.0044929553,-0.0676215142,-0.0052566566,-0.0045198333,0.0676197037,2.90572643280029E-007,0.0446828716,0.0905347914,0.6362479925,-0.0105687436,-0.0128880367,0.3288783431,-0.0111271646,-0.0178015456,0.4552816451
136,136,0.0540920049,-0.140680477,0.6244405508,-0.0044929553,-0.0676215142,-0.0052566566,-0.0045198333,0.0676197037,2.90572643280029E-007,0.0394139551,0.0906482637,0.6376022696,-0.0105687436,-0.0128880367,0.3288783431,-0.0111271646,-0.0178015456,0.4552816451
137,137,0.0490335748,-0.140887633,0.6259845495,-0.0044929553,-0.0676215142,-0.0052566566,-0.0045198333,0.0676197037,2.90572643280029E-007,0.0342446044,0.0907625854,0.6387913227,-0.0105687436,-0.0128880367,0.3288783431,-0.0111271646,-0.0178015456,0.4552816451
138,138,0.0440679379,-0.1410844028,0.6273665428,-0.0044929553,-0.0676215142,-0.0052566566,-0.0045198333,0.0676197037,2.90572643280029E-007,0.0291849915,0.0908769742,0.6398236156,-0.0105687436,-0.0128880367,0.3288783431,-0.0111271646,-0.0178015456,0.4552816451
139,139,0.0392053314,-0.1412705481,0.6285941601,-0.0044929553,-0.0676215142,-0.0052566566,-0.0045198333,0.0676197037,2.90572643280029E-007,0.0242450535,0.0909906924,0.6407077909,-0.0105687436,-0.0128880367,0.3288783431,-0.0111271646,-0.0178015456,0.4552816451
140,140,0.0344555601,-0.1414458901,0.6296754479,-0.0044929553,-0.0676215142,-0.0052566566,-0.0045198333,0.0676197037,2.90572643280029E-007,0.0194341317,0.0911030769,0.6414529085,-0.0105687436,-0.0128880367,0.3288783431,-0.0111271646,-0.0178015456,0.4552816451
141,141,0.0298279561,-0.1416104734,0.630618751,-0.0044929553,-0.0676215142,-0.0052566566,-0.0045198333,0.0676197037,2.90572643280029E-007,0.0147611499,0.0912134796,0.6420682669,-0.0105687436,-0.0128880367,0.3288783431,-0.0111271646,-0.0178015456,0.4552816451
142,142,0.0253315568,-0.1417642236,0.6314325333,-0.0044929553,-0.0676215142,-0.0052566566,-0.0045198333,0.0676197037,2.90572643280029E-007,0.0102346689,0.0913213491,0.6425635219,-0.0105687436,-0.0128880367,0.3288783431,-0.0111271646,-0.0178015456,0.4552816451
143,143,0.0209748428,-0.1419073641,0.6321255565,-0.0044929553,-0.0676215142,-0.0052566566,-0.0045198333,0.0676197037,2.90572643280029E-007,0.0058628395,0.0914261863,0.6429482102,-0.0105687436,-0.0128880367,0.3288783431,-0.0111271646,-0.0178015456,0.4552816451
144,144,0.0167661253,-0.1420399994,0.632706821,-0.0044929553,-0.0676215142,-0.0052566566,-0.0045198333,0.0676197037,2.90572643280029E-007,0.0016533071,0.0915275514,0.6432321072,-0.0105687436,-0.0128880367,0.3288783431,-0.0111271646,-0.0178015456,0.4552816451
145,145,0.0113980602,-0.1422009468,0.6333234906,-0.0044929553,-0.0676215142,-0.0052566566,-0.0045198333,0.0676197037,2.90572643280029E-007,-0.00238657,0.0916250944,0.6434252262,-0.0105687436,-0.0128880367,0.3288783431,-0.0111271646,-0.0178015456,0.4552816451
146,146,0.0075642643,-0.1423101723,0.6336789727,-0.0044929553,-0.0676215142,-0.0052566566,-0.0045198333,0.0676197037,2.90572643280029E-007,-0.0087244166,0.0917781964,0.6435718536,-0.0105687436,-0.0128880367,0.3288783431,-0.0111271646,-0.0178015456,0.4552816451
147,147,0.0027221264,-0.1424410939,0.6340276003,-0.0044929553,-0.0676215142,-0.0052566566,-0.0045198333,0.0676197037,2.90572643280029E-007,-0.0122795897,0.0918639749,0.6435708404,-0.0105687436,-0.0128880367,0.3288783431,-0.0111271646,-0.0178015456,0.4552816451
148,148,-0.0017977459,-0.1425561458,0.6342523694,-0.0044929553,-0.0676215142,-0.0052566566,-0.0045198333,0.0676197037,2.90572643280029E-007,-0.0156418812,0.0919450223,0.6435146928,-0.0105687436,-0.0128880367,0.3288783431,-0.0111271646,-0.0178015456,0.4552816451
149,149,-0.0039322814,-0.1426080763,0.6343248487,-0.0044929553,-0.0676215142,-0.0052566566,-0.0045198333,0.0676197037,2.90572643280029E-007,-0.0188056864,0.0920211449,0.6434128881,-0.0105687436,-0.0128880367,0.3288783431,-0.0111271646,-0.0178015456,0.4552816451
150,150,-0.0079419808,-0.1427014172,0.6344026327,-0.0044929553,-0.0676215142,-0.0052566566,-0.0045198333,0.0676197037,2.90572643280029E-007,-0.0217659324,0.0920922384,0.6432746053,-0.0105687436,-0.0128880367,0.3288783431,-0.0111271646,-0.0178015456,0.4552816451
151,151,-0.0115949865,-0.1427817643,0.6344073415,-0.0044929553,-0.0676215142,-0.0052566566,-0.0045198333,0.0676197037,2.90572643280029E-007,-0.0262339097,0.0921994746,0.6429870129,-0.0105687436,-0.0128880367,0.3288783431,-0.0111271646,-0.0178015456,0.4552816451
152,152,-0.0148791512,-0.142850399,0.6343576908,-0.0044929553,-0.0676215142,-0.0052566566,-0.0045198333,0.0676197037,2.90572643280029E-007,-0.0286277421,0.0922569633,0.6427936554,-0.0105687436,-0.0128880367,0.3288783431,-0.0111271646,-0.0178015456,0.4552816451
153,153,-0.0170932133,-0.1428949088,0.6342954636,-0.0044929553,-0.0676215142,-0.0052566566,-0.0045198333,0.0676197037,2.90572643280029E-007,-0.0308009051,0.0923093557,0.6425944567,-0.0105687436,-0.0128880367,0.3288783431,-0.0111271646,-0.0178015456,0.4552816451
154,154,-0.0190884657,-0.1429340094,0.6342195272,-0.0044929553,-0.0676215142,-0.0052566566,-0.0045198333,0.0676197037,2.90572643280029E-007,-0.0327492431,0.0923566669,0.6423966885,-0.0105687436,-0.0128880367,0.3288783431,-0.0111271646,-0.0178015456,0.4552816451
155,155,-0.0208604932,-0.1429681778,0.6341362596,-0.0044929553,-0.0676215142,-0.0052566566,-0.0045198333,0.0676197037,2.90572643280029E-007,-0.0344687179,0.092398949,0.6422070265,-0.0105687436,-0.0128880367,0.3288783431,-0.0111271646,-0.0178015456,0.4552816451
156,156,-0.0224048197,-0.1429978907,0.6340515018,-0.0044929553,-0.0676215142,-0.0052566566,-0.0045198333,0.0676197037,2.90572643280029E-007,-0.0363982022,0.0924474522,0.6419771314,-0.0105687436,-0.0128880367,0.3288783431,-0.0111271646,-0.0178015456,0.4552816451
157,157,-0.0237171985,-0.1430235952,0.6339705586,-0.0044929553,-0.0676215142,-0.0052566566,-0.0045198333,0.0676197037,2.90572643280029E-007,-0.0375679545,0.0924780294,0.6418291926,-0.0105687436,-0.0128880367,0.3288783431,-0.0111271646,-0.0178015456,0.4552816451
158,158,-0.0250987858,-0.1430522352,0.6338764429,-0.0044929553,-0.0676215142,-0.0052566566,-0.0045198333,0.0676197037,2.90572643280029E-007,-0.0387500748,0.0925111771,0.6416730285,-0.0105687436,-0.0128880367,0.3288783431,-0.0111271646,-0.0178015456,0.4552816451
159,159,-0.0258533508,-0.1430698484,0.6338211894,-0.0044929553,-0.0676215142,-0.0052566566,-0.0045198333,0.0676197037,2.90572643280029E-007,-0.0393483937,0.0925302953,0.6415915489,-0.0105687436,-0.0128880367,0.3288783431,-0.0111271646,-0.0178015456,0.4552816451
160,160,-0.0264758021,-0.1430886984,0.6337733269,-0.0044929553,-0.0676215142,-0.0052566566,-0.0045198333,0.0676197037,2.90572643280029E-007,-0.0396981537,0.0925445482,0.6415432692,-0.0105687436,-0.0128880367,0.3288783431,-0.0111271646,-0.0178015456,0.4552816451
161,161,-0.0266893543,-0.1430991292,0.6337563396,-0.0044929553,-0.0676215142,-0.0052566566,-0.0045198333,0.0676197037,2.90572643280029E-007,-0.0398678593,0.0925540552,0.6415199041,-0.0105687436,-0.0128880367,0.3288783431,-0.0111271646,-0.0178015456,0.4552816451
162,162,-0.026812207,-0.143107608,0.6337463856,-0.0044929553,-0.0676215142,-0.0052566566,-0.0045198333,0.0676197037,2.90572643280029E-007,-0.0399786606,0.0925622508,0.6415045857,-0.0105687436,-0.0128880367,0.3288783431,-0.0111271646,-0.0178015456,0.4552816451
163,163,-0.0268507246,-0.1431110501,0.6337431669,-0.0044929553,-0.0676215142,-0.0052566566,-0.0045198333,0.0676197037,2.90572643280029E-007,-0.0400028005,0.0925645307,0.6415013075,-0.0105687436,-0.0128880367,0.3288783431,-0.0111271646,-0.0178015456,0.4552816451
164,164,-0.0268692486,-0.1431130022,0.6337416768,-0.0044929553,-0.0676215142,-0.0052566566,-0.0045198333,0.0676197037,2.90572643280029E-007,-0.0400144756,0.0925657526,0.6414997578,-0.0105687436,-0.0128880367,0.3288783431,-0.0111271646,-0.0178015456,0.4552816451
165,165,-0.0268800035,-0.1431143135,0.6337407827,-0.0044929553,-0.0676215142,-0.0052566566,-0.0045198333,0.0676197037,2.90572643280029E-007,-0.0400201157,0.0925664157,0.6414989829,-0.0105687436,-0.0128880367,0.3288783431,-0.0111271646,-0.0178015456,0.4552816451
166,166,-0.0268833749,-0.1431148052,0.6337405443,-0.0044929553,-0.0676215142,-0.0052566566,-0.0045198333,0.0676197037,2.90572643280029E-007,-0.0400228612,0.0925667882,0.6414986253,-0.0105687436,-0.0128880367,0.3288783431,-0.0111271646,-0.0178015456,0.4552816451
167,167,-0.0268850327,-0.1431150436,0.6337403059,-0.0044929553,-0.0676215142,-0.0052566566,-0.0045198333,0.0676197037,2.90572643280029E-007,-0.0400241837,0.0925669596,0.6414984465,-0.0105687436,-0.0128880367,0.3288783431,-0.0111271646,-0.0178015456,0.4552816451
168,168,-0.0268858224,-0.1431151628,0.6337402463,-0.0044929553,-0.0676215142,-0.0052566566,-0.0045198333,0.0676197037,2.90572643280029E-007,-0.0400248244,0.0925670564,0.6414983869,-0.0105687436,-0.0128880367,0.3288783431,-0.0111271646,-0.0178015456,0.4552816451
169,169,-0.0268862154,-0.1431152523,0.6337402463,-0.0044929553,-0.0676215142,-0.0052566566,-0.0045198333,0.0676197037,2.90572643280029E-007,-0.0400251336,0.0925671011,0.6414983869,-0.0105687436,-0.0128880367,0.3288783431,-0.0111271646,-0.0178015456,0.4552816451
170,170,-0.0268863998,-0.1431152672,0.6337401867,-0.0044929553,-0.0676215142,-0.0052566566,-0.0045198333,0.0676197037,2.90572643280029E-007,-0.0400253087,0.0925671384,0.6414983273,-0.0105687436,-0.0128880367,0.3288783431,-0.0111271646,-0.0178015456,0.4552816451
171,171,-0.0268865302,-0.1431152672,0.6337401867,-0.0044929553,-0.0676215142,-0.0052566566,-0.0045198333,0.0676197037,2.90572643280029E-007,-0.0400253795,0.0925671309,0.6414983273,-0.0105687436,-0.0128880367,0.3288783431,-0.0111271646,-0.0178015456,0.4552816451
172,172,-0.0268865302,-0.1431152672,0.6337401867,-0.0044929553,-0.0676215142,-0.0052566566,-0.0045198333,0.0676197037,2.90572643280029E-007,-0.0400253795,0.0925671309,0.6414983273,-0.0105687436,-0.0128880367,0.3288783431,-0.0111271646,-0.0178015456,0.4552816451
173,173,-0.0268865302,-0.1431152672,0.6337401867,-0.0044929553,-0.0676215142,-0.0052566566,-0.0045198333,0.0676197037,2.90572643280029E-007,-0.0400253795,0.0925671309,0.6414983273,-0.0105687436,-0.0128880367,0.3288783431,-0.0111271646,-0.0178015456,0.4552816451
174,174,-0.0268865302,-0.1431152672,0.6337401867,-0.0044929553,-0.0676215142,-0.0052566566,-0.0045198333,0.0676197037,2.90572643280029E-007,-0.0400253795,0.0925671309,0.6414983273,-0.0105687436,-0.0128880367,0.3288783431,-0.0111271646,-0.0178015456,0.4552816451
175,175,-0.0268865302,-0.1431152672,0.6337401867,-0.0044929553,-0.0676215142,-0.0052566566,-0.0045198333,0.0676197037,2.90572643280029E-007,-0.0400253795,0.0925671309,0.6414983273,-0.0105687436,-0.0128880367,0.3288783431,-0.0111271646,-0.0178015456,0.4552816451
176,176,-0.0268865302,-0.1431152672,0.6337401867,-0.0044929553,-0.0676215142,-0.0052566566,-0.0045198333,0.0676197037,2.90572643280029E-007,-0.0400253795,0.0925671309,0.6414983273,-0.0105687436,-0.0128880367,0.3288783431,-0.0111271646,-0.0178015456,0.4552816451
177,177,-0.0268865302,-0.1431152672,0.6337401867,-0.0044929553,-0.0676215142,-0.0052566566,-0.0045198333,0.0676197037,2.90572643280029E-007,-0.0400253795,0.0925671309,0.6414983273,-0.0105687436,-0.0128880367,0.3288783431,-0.0111271646,-0.0178015456,0.4552816451
178,178,-0.0268865302,-0.1431152672,0.6337401867,-0.0044929553,-0.0676215142,-0.0052566566,-0.0045198333,0.0676197037,2.90572643280029E-007,-0.0400253795,0.0925671309,0.6414983273,-0.0105687436,-0.0128880367,0.3288783431,-0.0111271646,-0.0178015456,0.4552816451
179,179,-0.0268865302,-0.1431152672,0.6337401867,-0.0044929553,-0.0676215142,-0.0052566566,-0.0045198333,0.0676197037,2.90572643280029E-007,-0.0400253795,0.0925671309,0.6414983273,-0.0105687436,-0.0128880367,0.3288783431,-0.0111271646,-0.0178015456,0.4552816451
180,180,-0.0268865302,-0.1431152672,0.6337401867,-0.0044929553,-0.0676215142,-0.0052566566,-0.0045198333,0.0676197037,2.90572643280029E-007,-0.0400253795,0.0925671309,0.6414983273,-0.0105687436,-0.0128880367,0.3288783431,-0.0111271646,-0.0178015456,0.4552816451
181,181,-0.0268865302,-0.1431152672,0.6337401867,-0.0044929553,-0.0676215142,-0.0052566566,-0.0045198333,0.0676197037,2.90572643280029E-007,-0.0400253795,0.0925671309,0.6414983273,-0.0105687436,-0.0128880367,0.3288783431,-0.0111271646,-0.0178015456,0.4552816451
182,182,-0.0268865302,-0.1431152672,0.6337401867,-0.0044929553,-0.0676215142,-0.0052566566,-0.0045198333,0.0676197037,2.90572643280029E-007,-0.0400253795,0.0925671309,0.6414983273,-0.0105687436,-0.0128880367,0.3288783431,-0.0111271646,-0.0178015456,0.4552816451
183,183,-0.0268865302,-0.1431152672,0.6337401867,-0.0044929553,-0.0676215142,-0.0052566566,-0.0045198333,0.0676197037,2.90572643280029E-007,-0.0400253795,0.0925671309,0.6414983273,-0.0105687436,-0.0128880367,0.3288783431,-0.0111271646,-0.0178015456,0.4552816451
184,184,-0.0268865302,-0.1431152672,0.6337401867,-0.0044929553,-0.0676215142,-0.0052566566,-0.0045198333,0.0676197037,2.90572643280029E-007,-0.0400253795,0.0925671309,0.6414983273,-0.0105687436,-0.0128880367,0.3288783431,-0.0111271646,-0.0178015456,0.4552816451
185,185,-0.0268865302,-0.1431152672,0.6337401867,-0.0044929553,-0.0676215142,-0.0052566566,-0.0045198333,0.0676197037,2.90572643280029E-007,-0.0400253795,0.0925671309,0.6414983273,-0.0105687436,-0.0128880367,0.3288783431,-0.0111271646,-0.0178015456,0.4552816451
186,186,-0.0268865302,-0.1431152672,0.6337401867,-0.0044929553,-0.0676215142,-0.0052566566,-0.0045198333,0.0676197037,2.90572643280029E-007,-0.0400253795,0.0925671309,0.6414983273,-0.0105687436,-0.0128880367,0.3288783431,-0.0111271646,-0.0178015456,0.4552816451
187,187,-0.0268865302,-0.1431152672,0.6337401867,-0.0044929553,-0.0676215142,-0.0052566566,-0.0045198333,0.0676197037,2.90572643280029E-007,-0.0400253795,0.0925671309,0.6414983273,-0.0105687436,-0.0128880367,0.3288783431,-0.0111271646,-0.0178015456,0.4552816451
188,188,-0.0268865302,-0.1431152672,0.6337401867,-0.0044929553,-0.0676215142,-0.0052566566,-0.0045198333,0.0676197037,2.90572643280029E-007,-0.0400253795,0.0925671309,0.6414983273,-0.0105687436,-0.0128880367,0.3288783431,-0.0111271646,-0.0178015456,0.4552816451
189,189,-0.0268865302,-0.1431152672,0.6337401867,-0.0044929553,-0.0676215142,-0.0052566566,-0.0045198333,0.0676197037,2.90572643280029E-007,-0.0400253795,0.0925671309,0.6414983273,-0.0105687436,-0.0128880367,0.3288783431,-0.0111271646,-0.0178015456,0.4552816451
190,190,-0.0268865302,-0.1431152672,0.6337401867,-0.0044929553,-0.0676215142,-0.0052566566,-0.0045198333,0.0676197037,2.90572643280029E-007,-0.0400253795,0.0925671309,0.6414983273,-0.0105687436,-0.0128880367,0.3288783431,-0.0111271646,-0.0178015456,0.4552816451
191,191,-0.0268865302,-0.1431152672,0.6337401867,-0.0044929553,-0.0676215142,-0.0052566566,-0.0045198333,0.0676197037,2.90572643280029E-007,-0.0400253795,0.0925671309,0.6414983273,-0.0105687436,-0.0128880367,0.3288783431,-0.0111271646,-0.0178015456,0.4552816451
