Format Version,1.21,Take Name,PiernaI,Capture Frame Rate,120.000000,Export Frame Rate,30.000000,Capture Start Time,2017-11-09 10.31.32.923 AM,Total Frames in Take,751,Total Exported Frames,189,Rotation Type,Quaternion,Length Units,Meters,Coordinate Space,Global

,,Marker,Marker,Marker,Marker,Marker,Marker,Marker,Marker,Marker,Marker,Marker,Marker,Marker,Marker,Marker,Marker,Marker,Marker
,,Head,Head,Head,RArm,RArm,RArm,RLeg,RLeg,RLeg,LLeg,LLeg,LLeg,Torso,Torso,Torso,LArm,LArm,LArm
,,"8392B20CF49E357066","8392B20CF49E357066","8392B20CF49E357066","8392B20CF49E357067","8392B20CF49E357067","8392B20CF49E357067","8392B20CF49E357068","8392B20CF49E357068","8392B20CF49E357068","8392B20CF49E357069","8392B20CF49E357069","8392B20CF49E357069","8392B20CF49E35706E","8392B20CF49E35706E","8392B20CF49E35706E","8392B20CF49E35706F","8392B20CF49E35706F","8392B20CF49E35706F"
,,Position,Position,Position,Position,Position,Position,Position,Position,Position,Position,Position,Position,Position,Position,Position,Position,Position,Position
Frame,Time,X,Y,Z,X,Y,Z,X,Y,Z,X,Y,Z,X,Y,Z,X,Y,Z
0,0.000000,-0.145509,1.695139,-0.000632,-0.068147,0.821225,-0.281987,-0.097411,0.093391,-0.232609,-0.094045,0.087661,0.206137,-0.154166,1.113623,-0.015028,-0.106702,0.830824,0.247893
1,0.033333,-0.145466,1.695177,-0.000242,-0.068240,0.821208,-0.282065,-0.097406,0.093386,-0.232620,-0.094034,0.087659,0.206135,-0.154177,1.113619,-0.015033,-0.106699,0.830792,0.247723
2,0.066667,-0.145365,1.695261,0.000109,-0.068334,0.821189,-0.282091,-0.097407,0.093389,-0.232619,-0.094033,0.087667,0.206134,-0.154186,1.113636,-0.015042,-0.106751,0.830798,0.247554
3,0.100000,-0.145630,1.695626,0.000425,-0.068433,0.821137,-0.282066,-0.097410,0.093394,-0.232619,-0.094027,0.087672,0.206127,-0.154187,1.113651,-0.015041,-0.106851,0.830843,0.247408
4,0.133333,-0.145561,1.695647,0.000508,-0.068485,0.821118,-0.281991,-0.097406,0.093386,-0.232626,-0.094024,0.087675,0.206128,-0.154181,1.113652,-0.015054,-0.107108,0.830918,0.247230
5,0.166667,-0.145554,1.695653,0.000439,-0.068493,0.821091,-0.281874,-0.097415,0.093392,-0.232621,-0.094022,0.087684,0.206119,-0.154163,1.113652,-0.015058,-0.107279,0.830992,0.247183
6,0.200000,-0.145509,1.695704,0.000314,-0.068458,0.821054,-0.281779,-0.097402,0.093396,-0.232616,-0.094011,0.087711,0.206117,-0.154098,1.113642,-0.015075,-0.107427,0.831027,0.247190
7,0.233333,-0.145413,1.695742,0.000252,-0.068382,0.821025,-0.281744,-0.097404,0.093384,-0.232622,-0.094012,0.087697,0.206110,-0.154079,1.113555,-0.015143,-0.107601,0.831046,0.247274
8,0.266667,-0.145331,1.695731,0.000248,-0.068230,0.820983,-0.281738,-0.097398,0.093386,-0.232618,-0.093987,0.087710,0.206105,-0.154098,1.113494,-0.015139,-0.107599,0.831072,0.247348
9,0.300000,-0.145387,1.695747,0.000212,-0.067918,0.820799,-0.281616,-0.097394,0.093410,-0.232619,-0.093969,0.087737,0.206104,-0.154064,1.113420,-0.015132,-0.107582,0.831061,0.247370
10,0.333333,-0.145500,1.695774,0.000132,-0.067640,0.820667,-0.281628,-0.097381,0.093412,-0.232621,-0.093939,0.087783,0.206095,-0.154007,1.113370,-0.015122,-0.107551,0.831021,0.247444
11,0.366667,-0.145736,1.695697,-0.000017,-0.067363,0.820611,-0.281609,-0.097385,0.093426,-0.232630,-0.093912,0.087772,0.206109,-0.154015,1.113305,-0.015022,-0.107487,0.830969,0.247686
12,0.400000,-0.146050,1.695629,-0.000320,-0.066999,0.820596,-0.281513,-0.097400,0.093434,-0.232621,-0.093834,0.087801,0.206168,-0.154093,1.113305,-0.014804,-0.107400,0.830924,0.248259
13,0.433333,-0.146062,1.695219,-0.000892,-0.066693,0.820351,-0.281282,-0.097424,0.093424,-0.232623,-0.093775,0.087834,0.206218,-0.154127,1.113297,-0.014672,-0.107316,0.830894,0.248515
14,0.466667,-0.146582,1.695046,-0.001563,-0.066482,0.820145,-0.281269,-0.097436,0.093419,-0.232620,-0.093792,0.087949,0.206300,-0.154216,1.113241,-0.014751,-0.107165,0.830915,0.248697
15,0.500000,-0.147270,1.694908,-0.002477,-0.066322,0.820000,-0.281685,-0.097429,0.093435,-0.232614,-0.093736,0.087995,0.206306,-0.154357,1.113122,-0.014928,-0.106870,0.831068,0.248856
16,0.533333,-0.147946,1.694781,-0.003590,-0.066171,0.819663,-0.282214,-0.097420,0.093441,-0.232620,-0.093682,0.088032,0.206315,-0.154455,1.112998,-0.015227,-0.106531,0.831171,0.248804
17,0.566667,-0.148812,1.694754,-0.004960,-0.066270,0.819489,-0.283042,-0.097431,0.093436,-0.232608,-0.093657,0.088037,0.206330,-0.154499,1.112918,-0.015728,-0.105927,0.831251,0.248608
18,0.600000,-0.149983,1.694660,-0.006546,-0.066491,0.819533,-0.284105,-0.097447,0.093441,-0.232597,-0.093621,0.088057,0.206377,-0.154445,1.112989,-0.016440,-0.105506,0.831434,0.248368
19,0.633333,-0.151332,1.694535,-0.008299,-0.066785,0.819573,-0.285292,-0.097455,0.093435,-0.232600,-0.093548,0.088032,0.206496,-0.154312,1.113071,-0.017472,-0.105003,0.831613,0.247769
20,0.666667,-0.152975,1.694401,-0.010271,-0.067056,0.819570,-0.286663,-0.097453,0.093426,-0.232630,-0.093569,0.087995,0.206544,-0.154353,1.113105,-0.018961,-0.104353,0.831830,0.246973
21,0.700000,-0.154791,1.694052,-0.012453,-0.067341,0.819637,-0.288230,-0.097420,0.093428,-0.232671,-0.093677,0.087968,0.206503,-0.154517,1.113163,-0.020833,-0.103695,0.831927,0.245692
22,0.733333,-0.156714,1.693674,-0.014923,-0.067625,0.819514,-0.290283,-0.097351,0.093396,-0.232744,-0.093731,0.087950,0.206494,-0.154966,1.112973,-0.022930,-0.103054,0.832087,0.244424
23,0.766667,-0.158706,1.693247,-0.017604,-0.067872,0.819305,-0.292658,-0.097298,0.093370,-0.232832,-0.093787,0.087928,0.206470,-0.155619,1.112844,-0.025121,-0.102302,0.832071,0.242667
24,0.800000,-0.160570,1.692725,-0.020554,-0.068166,0.818966,-0.295335,-0.097256,0.093368,-0.232906,-0.093847,0.087901,0.206459,-0.156229,1.112620,-0.027370,-0.101691,0.832267,0.240527
25,0.833333,-0.162361,1.692339,-0.023747,-0.068697,0.818468,-0.298292,-0.097207,0.093349,-0.232973,-0.093925,0.087864,0.206446,-0.156959,1.112502,-0.029501,-0.101190,0.832289,0.238049
26,0.866667,-0.164067,1.692029,-0.027235,-0.069382,0.818095,-0.301556,-0.097177,0.093294,-0.233005,-0.094022,0.087792,0.206430,-0.157738,1.112227,-0.031626,-0.101074,0.832297,0.235151
27,0.900000,-0.165717,1.691750,-0.030820,-0.070368,0.817842,-0.304789,-0.097173,0.093249,-0.233050,-0.094092,0.087746,0.206431,-0.158560,1.111997,-0.033560,-0.101167,0.832550,0.232265
28,0.933333,-0.167345,1.691426,-0.034379,-0.071474,0.817645,-0.307868,-0.097190,0.093181,-0.233086,-0.094141,0.087631,0.206385,-0.159592,1.111909,-0.035226,-0.101450,0.832657,0.229279
29,0.966667,-0.168959,1.691134,-0.037841,-0.072787,0.817392,-0.310808,-0.097200,0.093083,-0.233164,-0.094231,0.087523,0.206348,-0.160550,1.111670,-0.036670,-0.101898,0.832893,0.226563
30,1.000000,-0.170423,1.691011,-0.040941,-0.074419,0.817610,-0.313811,-0.097172,0.092904,-0.233212,-0.094303,0.087487,0.206346,-0.161723,1.111518,-0.037630,-0.103122,0.833025,0.224086
31,1.033333,-0.171789,1.690982,-0.043852,-0.075848,0.817554,-0.315843,-0.097215,0.092863,-0.233214,-0.094353,0.087448,0.206408,-0.162817,1.111483,-0.038011,-0.104637,0.833362,0.221938
32,1.066667,-0.173039,1.690935,-0.046378,-0.077598,0.817780,-0.317586,-0.097263,0.092819,-0.233221,-0.094407,0.087346,0.206547,-0.163673,1.111463,-0.038061,-0.106609,0.833814,0.220560
33,1.100000,-0.174395,1.690993,-0.048400,-0.079337,0.818176,-0.318841,-0.097308,0.092788,-0.233206,-0.094464,0.087183,0.206772,-0.164814,1.111570,-0.038091,-0.109129,0.834206,0.219607
34,1.133333,-0.175613,1.691121,-0.049992,-0.081101,0.818621,-0.319292,-0.097439,0.092885,-0.233179,-0.094655,0.087206,0.207252,-0.165762,1.111796,-0.038384,-0.111593,0.834965,0.219550
35,1.166667,-0.176866,1.691224,-0.051416,-0.082888,0.819438,-0.319634,-0.097513,0.092881,-0.233174,-0.094725,0.087050,0.207538,-0.166502,1.112218,-0.039138,-0.114444,0.835750,0.220078
36,1.200000,-0.178063,1.691301,-0.052720,-0.084590,0.820463,-0.319915,-0.097564,0.092865,-0.233181,-0.094727,0.086819,0.207636,-0.167302,1.112531,-0.040405,-0.117201,0.836148,0.221080
37,1.233333,-0.179200,1.691320,-0.053911,-0.086158,0.821593,-0.320383,-0.097612,0.092900,-0.233186,-0.094801,0.086852,0.207771,-0.168020,1.112584,-0.041974,-0.120092,0.836402,0.221813
38,1.266667,-0.180342,1.691254,-0.055169,-0.087575,0.822731,-0.321459,-0.097603,0.092946,-0.233196,-0.094791,0.086607,0.207991,-0.168673,1.112554,-0.044033,-0.122686,0.836130,0.222834
39,1.300000,-0.181552,1.691185,-0.056544,-0.088710,0.823837,-0.323059,-0.097586,0.092938,-0.233199,-0.094825,0.086388,0.208008,-0.169316,1.112597,-0.046723,-0.125116,0.835906,0.223695
40,1.333333,-0.182808,1.691105,-0.058175,-0.089661,0.824951,-0.325674,-0.097610,0.092983,-0.233187,-0.094988,0.086290,0.208094,-0.169964,1.112627,-0.050156,-0.127493,0.836021,0.223913
41,1.366667,-0.184010,1.691154,-0.060095,-0.090286,0.826271,-0.329638,-0.097650,0.092989,-0.233153,-0.095223,0.086239,0.208258,-0.170553,1.112747,-0.053914,-0.129432,0.836283,0.223496
42,1.400000,-0.185176,1.691207,-0.062519,-0.090731,0.827157,-0.334537,-0.097641,0.093053,-0.233173,-0.095491,0.086103,0.208356,-0.171113,1.112991,-0.057986,-0.131641,0.836733,0.221992
43,1.433333,-0.186347,1.691288,-0.065571,-0.090813,0.828023,-0.340309,-0.097556,0.092956,-0.232971,-0.095931,0.086105,0.208417,-0.171486,1.113439,-0.062370,-0.132966,0.837224,0.219288
44,1.466667,-0.187546,1.691297,-0.069411,-0.090798,0.828609,-0.346860,-0.097548,0.092987,-0.233085,-0.096322,0.085914,0.208482,-0.171503,1.113851,-0.067134,-0.134301,0.837958,0.215279
45,1.500000,-0.188724,1.691118,-0.074052,-0.090526,0.828983,-0.353927,-0.097517,0.092932,-0.233237,-0.096794,0.085747,0.208553,-0.171565,1.114226,-0.072136,-0.134995,0.838528,0.210516
46,1.533333,-0.189873,1.690877,-0.079569,-0.090258,0.829237,-0.361231,-0.097469,0.092906,-0.233344,-0.097390,0.085578,0.208655,-0.171494,1.114509,-0.077670,-0.135522,0.839329,0.204560
47,1.566667,-0.190883,1.690666,-0.085855,-0.089889,0.829617,-0.368989,-0.097454,0.092896,-0.233421,-0.098315,0.085655,0.208848,-0.171508,1.114932,-0.083562,-0.135443,0.840067,0.198195
48,1.600000,-0.191606,1.690536,-0.092600,-0.089393,0.830062,-0.376738,-0.097436,0.092860,-0.233515,-0.099151,0.085499,0.209027,-0.171354,1.115372,-0.089945,-0.135016,0.840831,0.191156
49,1.633333,-0.191956,1.690518,-0.099462,-0.088899,0.830579,-0.384435,-0.097411,0.092847,-0.233603,-0.099883,0.085383,0.209478,-0.171020,1.115876,-0.096890,-0.133636,0.841543,0.184593
50,1.666667,-0.191915,1.690576,-0.106405,-0.088536,0.831329,-0.391905,-0.097376,0.092847,-0.233691,-0.100693,0.085409,0.209601,-0.170395,1.116393,-0.104183,-0.131549,0.842036,0.178645
51,1.700000,-0.191549,1.690600,-0.113317,-0.088249,0.831756,-0.399211,-0.097325,0.092836,-0.233792,-0.101759,0.085357,0.209799,-0.169381,1.116726,-0.111865,-0.128759,0.842095,0.172692
52,1.733333,-0.191019,1.690562,-0.120246,-0.087907,0.832301,-0.406534,-0.097282,0.092829,-0.233896,-0.102803,0.085260,0.210026,-0.168291,1.117106,-0.119787,-0.125388,0.841795,0.167424
53,1.766667,-0.190305,1.690362,-0.127391,-0.087519,0.832632,-0.414028,-0.097213,0.092846,-0.233986,-0.103885,0.085089,0.210304,-0.166949,1.117340,-0.128092,-0.121585,0.841516,0.162189
54,1.800000,-0.189474,1.689997,-0.134725,-0.087123,0.832848,-0.421674,-0.097124,0.092875,-0.234074,-0.105313,0.084978,0.210743,-0.165310,1.117530,-0.136630,-0.117234,0.841105,0.157149
55,1.833333,-0.188640,1.689497,-0.142416,-0.086492,0.833022,-0.429470,-0.096981,0.092862,-0.234188,-0.106828,0.084854,0.210660,-0.163450,1.117758,-0.145212,-0.112549,0.840743,0.152200
56,1.866667,-0.187739,1.688905,-0.150412,-0.085750,0.833099,-0.437523,-0.096882,0.092879,-0.234305,-0.108652,0.084913,0.210360,-0.161336,1.118222,-0.153685,-0.107814,0.840959,0.146860
57,1.900000,-0.186891,1.688396,-0.158755,-0.084788,0.833381,-0.446340,-0.096831,0.092840,-0.234444,-0.111014,0.085267,0.209766,-0.159004,1.118709,-0.161968,-0.102594,0.841908,0.141989
58,1.933333,-0.186008,1.687902,-0.167354,-0.083640,0.833433,-0.454967,-0.096825,0.092772,-0.234642,-0.113211,0.085759,0.209207,-0.156929,1.119379,-0.170122,-0.097601,0.843695,0.137166
59,1.966667,-0.185100,1.687519,-0.176227,-0.082172,0.833524,-0.464084,-0.096820,0.092755,-0.234937,-0.115356,0.087021,0.208239,-0.154984,1.120020,-0.177851,-0.093230,0.846088,0.131821
60,2.000000,-0.183893,1.687389,-0.185170,-0.080556,0.833044,-0.473160,-0.096930,0.093021,-0.235403,-0.118061,0.090788,0.205373,-0.153456,1.120247,-0.184825,-0.089145,0.848712,0.127249
61,2.033333,-0.182448,1.687507,-0.194028,-0.078821,0.832408,-0.482420,-0.096945,0.092955,-0.235574,-0.121184,0.095551,0.201504,-0.152250,1.120142,-0.190979,-0.085427,0.851125,0.122765
62,2.066667,-0.180837,1.687702,-0.202804,-0.077585,0.831549,-0.491282,-0.096950,0.092851,-0.235691,-0.125266,0.100680,0.194096,-0.151128,1.120096,-0.196421,-0.082356,0.853010,0.118690
63,2.100000,-0.179398,1.687946,-0.211268,-0.076581,0.830554,-0.499616,-0.096769,0.092533,-0.235862,-0.130305,0.108731,0.180293,-0.150390,1.120306,-0.201422,-0.080179,0.854410,0.114391
64,2.133333,-0.178096,1.688264,-0.219511,-0.075870,0.829777,-0.507467,-0.096805,0.092439,-0.236032,-0.135700,0.115995,0.165129,-0.149907,1.120751,-0.206107,-0.078235,0.855314,0.110074
65,2.166667,-0.176962,1.688587,-0.227410,-0.075552,0.829497,-0.514411,-0.096877,0.092314,-0.236043,-0.140403,0.122019,0.150666,-0.149489,1.121565,-0.210507,-0.076510,0.856321,0.106320
66,2.200000,-0.175828,1.689000,-0.234654,-0.075624,0.829401,-0.519972,-0.097272,0.092431,-0.235928,-0.145548,0.128868,0.135845,-0.149191,1.122327,-0.214314,-0.075470,0.857370,0.102573
67,2.233333,-0.174553,1.689554,-0.241256,-0.076390,0.829299,-0.524379,-0.097431,0.092291,-0.235967,-0.150606,0.135062,0.119990,-0.149250,1.123074,-0.217263,-0.074658,0.858580,0.099318
68,2.266667,-0.173142,1.690188,-0.247125,-0.077186,0.828867,-0.527543,-0.097593,0.092149,-0.236010,-0.156253,0.141600,0.101846,-0.149427,1.123703,-0.219901,-0.073981,0.859664,0.096503
69,2.300000,-0.171791,1.690834,-0.252326,-0.078501,0.828460,-0.529715,-0.097738,0.092000,-0.235965,-0.162602,0.149377,0.081914,-0.149888,1.124014,-0.222449,-0.073393,0.860560,0.093996
70,2.333333,-0.170447,1.691615,-0.256900,-0.079519,0.827582,-0.530982,-0.097742,0.091647,-0.235773,-0.169502,0.158552,0.060957,-0.150341,1.124452,-0.224559,-0.073389,0.861689,0.091674
71,2.366667,-0.169336,1.692369,-0.260885,-0.080808,0.826728,-0.531354,-0.097605,0.091299,-0.235679,-0.175859,0.167483,0.040945,-0.150501,1.125219,-0.226574,-0.073749,0.862585,0.089191
72,2.400000,-0.168488,1.692827,-0.264345,-0.082301,0.825631,-0.530541,-0.097705,0.091194,-0.235782,-0.182771,0.177845,0.022614,-0.150709,1.126178,-0.228839,-0.074494,0.863751,0.086864
73,2.433333,-0.167815,1.693168,-0.267400,-0.084133,0.824848,-0.529201,-0.097854,0.091126,-0.236099,-0.190768,0.189203,0.005891,-0.150977,1.126881,-0.231263,-0.075333,0.864733,0.084864
74,2.466667,-0.167296,1.693626,-0.270218,-0.086106,0.824138,-0.527561,-0.097900,0.090961,-0.236636,-0.199807,0.201393,-0.009235,-0.151465,1.127526,-0.233802,-0.076332,0.865862,0.082830
75,2.500000,-0.166779,1.694054,-0.272750,-0.088010,0.823629,-0.525698,-0.098022,0.090899,-0.237116,-0.209085,0.213344,-0.021545,-0.152091,1.128322,-0.236699,-0.077111,0.866662,0.080841
76,2.533333,-0.166159,1.694604,-0.275101,-0.089830,0.823688,-0.524161,-0.098130,0.090846,-0.237440,-0.218858,0.225579,-0.031961,-0.152530,1.129214,-0.239519,-0.077815,0.867131,0.078614
77,2.566667,-0.165510,1.695215,-0.277199,-0.091629,0.824022,-0.523064,-0.098214,0.090744,-0.237645,-0.228699,0.237705,-0.040499,-0.152823,1.130184,-0.241964,-0.078931,0.867656,0.076699
78,2.600000,-0.164861,1.695881,-0.279090,-0.093138,0.824458,-0.522079,-0.098331,0.090690,-0.237780,-0.239235,0.249789,-0.047450,-0.152843,1.131255,-0.243944,-0.080121,0.867834,0.074689
79,2.633333,-0.164277,1.696424,-0.280727,-0.094324,0.825115,-0.521460,-0.098442,0.090654,-0.237759,-0.249799,0.261557,-0.052934,-0.152953,1.132452,-0.245663,-0.081034,0.867838,0.072333
80,2.666667,-0.163684,1.696621,-0.282114,-0.095212,0.825624,-0.521554,-0.098554,0.090748,-0.237530,-0.259809,0.271747,-0.056866,-0.153212,1.133551,-0.247258,-0.082294,0.867965,0.070169
81,2.700000,-0.162958,1.696649,-0.283137,-0.095685,0.825701,-0.522138,-0.098785,0.090851,-0.237401,-0.270153,0.281355,-0.060199,-0.153571,1.133904,-0.248936,-0.083559,0.867665,0.068106
82,2.733333,-0.162278,1.696710,-0.283835,-0.095848,0.825528,-0.523125,-0.098780,0.090827,-0.237390,-0.279878,0.289281,-0.063159,-0.153892,1.134313,-0.250238,-0.085073,0.867269,0.066409
83,2.766667,-0.161584,1.696691,-0.284373,-0.095523,0.825355,-0.524589,-0.098762,0.090783,-0.237260,-0.288950,0.295679,-0.065685,-0.154169,1.134778,-0.251237,-0.086018,0.866873,0.064692
84,2.800000,-0.160902,1.696773,-0.284717,-0.094964,0.825109,-0.526248,-0.098989,0.091174,-0.237288,-0.297671,0.300883,-0.068643,-0.154552,1.135217,-0.252588,-0.086853,0.866537,0.063052
85,2.833333,-0.160078,1.697087,-0.284970,-0.094179,0.825094,-0.528066,-0.099349,0.091474,-0.237781,-0.305527,0.305346,-0.071298,-0.155023,1.135550,-0.253970,-0.087666,0.866017,0.061384
86,2.866667,-0.159129,1.697564,-0.285182,-0.093344,0.825206,-0.529926,-0.099151,0.091196,-0.237474,-0.312282,0.309003,-0.073852,-0.155321,1.135890,-0.254943,-0.088526,0.865503,0.059617
87,2.900000,-0.158370,1.698061,-0.285355,-0.092581,0.825478,-0.531589,-0.099174,0.091201,-0.237465,-0.318566,0.311673,-0.077232,-0.155570,1.136163,-0.255787,-0.089117,0.865063,0.057857
88,2.933333,-0.157664,1.698488,-0.285407,-0.091763,0.825708,-0.533122,-0.099201,0.091186,-0.237445,-0.324237,0.314038,-0.081474,-0.155841,1.136275,-0.256604,-0.089680,0.864653,0.056493
89,2.966667,-0.157276,1.698758,-0.285307,-0.090867,0.825900,-0.534301,-0.099216,0.091175,-0.237525,-0.328842,0.315577,-0.085372,-0.155967,1.136264,-0.257482,-0.089991,0.863992,0.054982
90,3.000000,-0.157242,1.698781,-0.285114,-0.090302,0.826273,-0.535704,-0.099219,0.091163,-0.237638,-0.332698,0.317129,-0.089102,-0.155901,1.136403,-0.258279,-0.090260,0.863389,0.053756
91,3.033333,-0.157495,1.698677,-0.284851,-0.089595,0.826420,-0.536560,-0.099009,0.090904,-0.237738,-0.335950,0.318944,-0.091865,-0.155882,1.136511,-0.259010,-0.090186,0.862714,0.052447
92,3.066667,-0.157883,1.698519,-0.284549,-0.089067,0.826976,-0.537768,-0.098977,0.090907,-0.237839,-0.338776,0.321137,-0.094626,-0.156003,1.136538,-0.259810,-0.090218,0.862262,0.051230
93,3.100000,-0.158277,1.698457,-0.284273,-0.088412,0.827293,-0.538483,-0.098994,0.090887,-0.237959,-0.341432,0.323728,-0.097538,-0.155934,1.136594,-0.260647,-0.089929,0.861955,0.050185
94,3.133333,-0.158734,1.698403,-0.283934,-0.087951,0.827837,-0.539086,-0.099035,0.090878,-0.238131,-0.343703,0.326195,-0.099944,-0.155673,1.136997,-0.261521,-0.089495,0.861697,0.049265
95,3.166667,-0.159419,1.698270,-0.283456,-0.087596,0.828698,-0.539570,-0.099043,0.090884,-0.238269,-0.345858,0.328313,-0.100748,-0.155427,1.137587,-0.262465,-0.089039,0.861548,0.048562
96,3.200000,-0.160042,1.698121,-0.282989,-0.087433,0.829749,-0.540212,-0.099053,0.090868,-0.238404,-0.348334,0.330333,-0.100390,-0.155466,1.138106,-0.263294,-0.088588,0.861426,0.048049
97,3.233333,-0.160411,1.698009,-0.282247,-0.087173,0.830835,-0.540822,-0.099050,0.090857,-0.238536,-0.350521,0.331579,-0.099709,-0.155458,1.138393,-0.263867,-0.088027,0.861110,0.047594
98,3.266667,-0.160522,1.698004,-0.281187,-0.086771,0.831773,-0.541483,-0.099039,0.090859,-0.238618,-0.352585,0.332716,-0.099258,-0.155090,1.138447,-0.264453,-0.087352,0.860596,0.047347
99,3.300000,-0.160491,1.697941,-0.279832,-0.086401,0.832331,-0.542051,-0.099025,0.090841,-0.238688,-0.353873,0.333205,-0.098712,-0.154830,1.138374,-0.265084,-0.086688,0.859711,0.047135
100,3.333333,-0.160643,1.697704,-0.278212,-0.086294,0.833004,-0.542948,-0.099008,0.090811,-0.238715,-0.354960,0.333819,-0.098868,-0.154652,1.138226,-0.265537,-0.085857,0.858773,0.047050
101,3.366667,-0.160970,1.697264,-0.276509,-0.086094,0.833522,-0.543723,-0.098977,0.090772,-0.238637,-0.355366,0.333880,-0.099346,-0.154555,1.138040,-0.265880,-0.084952,0.857788,0.046902
102,3.400000,-0.161475,1.696823,-0.274805,-0.085963,0.833966,-0.544697,-0.098996,0.090772,-0.238685,-0.355015,0.333620,-0.100446,-0.154396,1.137728,-0.266092,-0.084278,0.856692,0.046603
103,3.433333,-0.161955,1.696563,-0.273204,-0.085878,0.834457,-0.545775,-0.099030,0.090726,-0.238810,-0.354132,0.332153,-0.101240,-0.154122,1.137601,-0.266212,-0.083232,0.856015,0.046227
104,3.466667,-0.162717,1.696393,-0.271849,-0.085551,0.834709,-0.546409,-0.099038,0.090704,-0.238947,-0.353725,0.330941,-0.101354,-0.153669,1.137528,-0.266367,-0.082142,0.855483,0.045391
105,3.500000,-0.163635,1.696242,-0.270986,-0.085355,0.835239,-0.547053,-0.099026,0.090756,-0.239096,-0.353364,0.329371,-0.100996,-0.153625,1.137449,-0.266447,-0.081025,0.855348,0.044700
106,3.533333,-0.164563,1.696164,-0.270457,-0.085229,0.835816,-0.547729,-0.098993,0.090768,-0.239232,-0.353202,0.328151,-0.100085,-0.153813,1.137388,-0.266475,-0.079877,0.855338,0.044121
107,3.566667,-0.165550,1.696225,-0.270259,-0.085021,0.836131,-0.548153,-0.098994,0.090810,-0.239328,-0.352784,0.326860,-0.098400,-0.153949,1.137402,-0.266239,-0.079034,0.855193,0.043513
108,3.600000,-0.166538,1.696200,-0.270340,-0.084894,0.836314,-0.548172,-0.098992,0.090817,-0.239379,-0.351965,0.326086,-0.097047,-0.153883,1.137449,-0.265723,-0.078179,0.855208,0.043466
109,3.633333,-0.167655,1.695952,-0.270518,-0.084804,0.836188,-0.547638,-0.099018,0.090809,-0.239425,-0.350999,0.325501,-0.096205,-0.153961,1.137548,-0.264961,-0.077559,0.855376,0.043741
110,3.666667,-0.168756,1.695621,-0.270791,-0.085105,0.836208,-0.546910,-0.099050,0.090833,-0.239485,-0.349839,0.324483,-0.095199,-0.154188,1.137501,-0.264077,-0.077251,0.855941,0.044618
111,3.700000,-0.169701,1.695262,-0.270910,-0.085996,0.836301,-0.545199,-0.099059,0.090826,-0.239483,-0.348597,0.323416,-0.094728,-0.154348,1.137416,-0.263112,-0.077284,0.856442,0.045568
112,3.733333,-0.170396,1.694933,-0.270850,-0.086974,0.836142,-0.542910,-0.099051,0.090819,-0.239483,-0.347499,0.321537,-0.094202,-0.154348,1.137348,-0.262024,-0.077427,0.857129,0.047109
113,3.766667,-0.170902,1.694704,-0.270551,-0.087763,0.835799,-0.540484,-0.099023,0.090853,-0.239485,-0.346235,0.319261,-0.093455,-0.154526,1.137251,-0.260710,-0.077698,0.857631,0.048868
114,3.800000,-0.171197,1.694650,-0.269893,-0.088535,0.835444,-0.538114,-0.099010,0.090880,-0.239402,-0.344750,0.316319,-0.092026,-0.154834,1.136897,-0.259346,-0.078048,0.858257,0.051052
115,3.833333,-0.171334,1.694746,-0.268895,-0.089440,0.834929,-0.535351,-0.098998,0.090891,-0.239299,-0.342843,0.312767,-0.089727,-0.154897,1.136467,-0.258011,-0.078181,0.858680,0.053307
116,3.866667,-0.171562,1.694801,-0.267800,-0.090541,0.834549,-0.532617,-0.098990,0.090884,-0.239151,-0.340249,0.308481,-0.086655,-0.154956,1.136100,-0.256423,-0.078369,0.859134,0.055646
117,3.900000,-0.172019,1.694634,-0.266524,-0.091904,0.834510,-0.529928,-0.098944,0.090908,-0.238862,-0.336722,0.303667,-0.082369,-0.155088,1.135572,-0.254813,-0.078548,0.859188,0.057694
118,3.933333,-0.172558,1.694156,-0.265136,-0.093184,0.834158,-0.526930,-0.098927,0.090950,-0.238423,-0.332671,0.298335,-0.077197,-0.155385,1.134502,-0.253059,-0.078583,0.858927,0.059730
119,3.966667,-0.173068,1.693562,-0.263539,-0.094633,0.833760,-0.524187,-0.098885,0.091237,-0.237969,-0.327956,0.292217,-0.070996,-0.155883,1.132974,-0.250935,-0.078800,0.858259,0.061896
120,4.000000,-0.173820,1.693082,-0.261566,-0.095943,0.833212,-0.521234,-0.098668,0.090963,-0.237336,-0.322970,0.286195,-0.063950,-0.156376,1.131619,-0.248266,-0.078851,0.857459,0.064083
121,4.033333,-0.174912,1.692752,-0.259250,-0.097188,0.832713,-0.518470,-0.098819,0.091276,-0.237167,-0.317748,0.280081,-0.055230,-0.156593,1.130891,-0.245282,-0.078744,0.857102,0.066072
122,4.066667,-0.176359,1.692587,-0.256627,-0.098052,0.832328,-0.515743,-0.098686,0.091171,-0.237018,-0.311833,0.273539,-0.044851,-0.156536,1.130448,-0.242687,-0.078266,0.857072,0.067672
123,4.100000,-0.177955,1.692640,-0.253486,-0.099063,0.832546,-0.513171,-0.098534,0.090898,-0.236926,-0.305584,0.267317,-0.033471,-0.156865,1.130015,-0.240378,-0.077576,0.857281,0.069315
124,4.133333,-0.179640,1.692854,-0.249935,-0.100179,0.832925,-0.510621,-0.098488,0.090929,-0.236857,-0.298718,0.261114,-0.021276,-0.157369,1.129382,-0.238119,-0.076881,0.857634,0.070853
125,4.166667,-0.181207,1.693123,-0.246129,-0.101789,0.833498,-0.508277,-0.098437,0.090891,-0.236778,-0.291061,0.254348,-0.008761,-0.157884,1.128679,-0.235875,-0.075628,0.857535,0.072425
126,4.200000,-0.182830,1.693272,-0.242277,-0.103518,0.834057,-0.506230,-0.098401,0.090892,-0.236704,-0.282588,0.247194,0.003863,-0.158299,1.127986,-0.233272,-0.074258,0.857099,0.074203
127,4.233333,-0.184534,1.693146,-0.238575,-0.105770,0.834878,-0.504854,-0.098354,0.090895,-0.236632,-0.273068,0.238695,0.016592,-0.158592,1.127511,-0.230551,-0.072843,0.856347,0.075700
128,4.266667,-0.186339,1.692811,-0.235300,-0.107819,0.835322,-0.503492,-0.098290,0.090930,-0.236618,-0.263157,0.229538,0.029681,-0.159181,1.127107,-0.227608,-0.071491,0.855635,0.077356
129,4.300000,-0.187884,1.692403,-0.232484,-0.110046,0.835729,-0.502689,-0.098304,0.090943,-0.236577,-0.252503,0.219779,0.042657,-0.160043,1.126600,-0.224226,-0.070448,0.855054,0.078963
130,4.333333,-0.189282,1.692020,-0.229894,-0.112315,0.836203,-0.502018,-0.098328,0.090962,-0.236473,-0.241240,0.208903,0.055970,-0.161039,1.126450,-0.220394,-0.069771,0.854758,0.081032
131,4.366667,-0.190288,1.691742,-0.227357,-0.114394,0.836460,-0.500815,-0.098356,0.090875,-0.236284,-0.230457,0.198480,0.069099,-0.161920,1.126427,-0.216341,-0.069685,0.854918,0.083773
132,4.400000,-0.190842,1.691752,-0.224652,-0.116558,0.836719,-0.499309,-0.098411,0.090868,-0.236148,-0.219923,0.187505,0.082138,-0.163333,1.126429,-0.211816,-0.069923,0.855081,0.087398
133,4.433333,-0.190977,1.692009,-0.221699,-0.118420,0.836842,-0.497082,-0.098425,0.090864,-0.236008,-0.209721,0.176091,0.095010,-0.164998,1.126339,-0.206766,-0.070555,0.855295,0.091918
134,4.466667,-0.190785,1.692606,-0.218165,-0.120622,0.837036,-0.494268,-0.098465,0.090899,-0.235893,-0.200576,0.165002,0.107250,-0.166339,1.126164,-0.201448,-0.071784,0.855442,0.096995
135,4.500000,-0.190509,1.693310,-0.213936,-0.122237,0.836892,-0.490382,-0.098465,0.090893,-0.235726,-0.192019,0.153432,0.118923,-0.167997,1.126181,-0.195613,-0.073638,0.855774,0.102298
136,4.533333,-0.190377,1.693978,-0.208832,-0.123781,0.836610,-0.485559,-0.098491,0.090903,-0.235611,-0.184532,0.141775,0.130156,-0.169716,1.126066,-0.189495,-0.076356,0.856371,0.107676
137,4.566667,-0.190483,1.694607,-0.202962,-0.125603,0.836530,-0.480089,-0.098496,0.090938,-0.235475,-0.178020,0.130976,0.141952,-0.171427,1.125796,-0.183044,-0.078839,0.856640,0.113517
138,4.600000,-0.190769,1.695168,-0.196246,-0.127425,0.836558,-0.473966,-0.098505,0.090950,-0.235322,-0.172794,0.121558,0.153575,-0.173168,1.125340,-0.175768,-0.080629,0.856634,0.120642
139,4.633333,-0.191456,1.695490,-0.188664,-0.129270,0.836585,-0.466952,-0.098672,0.091029,-0.235238,-0.168779,0.113678,0.164434,-0.174665,1.124999,-0.167433,-0.081382,0.856170,0.129200
140,4.666667,-0.192606,1.695564,-0.180271,-0.131342,0.836571,-0.458887,-0.098678,0.091270,-0.235154,-0.165675,0.106349,0.173620,-0.176070,1.124599,-0.158215,-0.081009,0.855733,0.139354
141,4.700000,-0.194003,1.695215,-0.170823,-0.133545,0.836601,-0.449832,-0.098603,0.091395,-0.234978,-0.163293,0.098705,0.180557,-0.177711,1.124161,-0.148353,-0.080979,0.855211,0.149959
142,4.733333,-0.195646,1.694544,-0.160362,-0.135842,0.836357,-0.440054,-0.098534,0.091507,-0.234783,-0.160125,0.093543,0.184687,-0.179511,1.123431,-0.137433,-0.081555,0.854291,0.160466
143,4.766667,-0.197247,1.693734,-0.148702,-0.138338,0.836007,-0.429600,-0.098436,0.091631,-0.234591,-0.154877,0.088811,0.188860,-0.181246,1.122404,-0.125159,-0.082946,0.853241,0.171147
144,4.800000,-0.198844,1.692747,-0.135860,-0.140854,0.835466,-0.418026,-0.098279,0.091800,-0.234337,-0.150350,0.085623,0.191495,-0.183277,1.121300,-0.112096,-0.085065,0.851773,0.181811
145,4.833333,-0.200546,1.691951,-0.121902,-0.143439,0.834917,-0.405564,-0.098142,0.092018,-0.233980,-0.146003,0.084841,0.192026,-0.185254,1.120313,-0.098289,-0.087603,0.849982,0.192594
146,4.866667,-0.202087,1.691566,-0.106897,-0.145967,0.834764,-0.392187,-0.098058,0.092162,-0.233603,-0.142382,0.085130,0.191610,-0.187193,1.119485,-0.083633,-0.090185,0.848561,0.204206
147,4.900000,-0.203597,1.691606,-0.091352,-0.148091,0.834650,-0.377485,-0.098015,0.092281,-0.233254,-0.139844,0.085404,0.191607,-0.188821,1.118771,-0.068237,-0.093460,0.847556,0.216382
148,4.933333,-0.205013,1.691966,-0.075535,-0.150280,0.834643,-0.361996,-0.098049,0.092387,-0.232862,-0.138065,0.085597,0.191687,-0.190503,1.118309,-0.052986,-0.096932,0.847148,0.229091
149,4.966667,-0.206496,1.692595,-0.059775,-0.152695,0.834756,-0.345667,-0.098202,0.092572,-0.232718,-0.136897,0.085735,0.191684,-0.191991,1.117583,-0.038878,-0.100055,0.847046,0.242324
150,5.000000,-0.207905,1.693099,-0.044382,-0.155256,0.835209,-0.329243,-0.098253,0.092778,-0.233033,-0.136139,0.085917,0.191554,-0.193198,1.117156,-0.025812,-0.103051,0.847351,0.255923
151,5.033333,-0.209365,1.693431,-0.029551,-0.158005,0.835546,-0.313110,-0.098376,0.092670,-0.232895,-0.135596,0.086041,0.191512,-0.193729,1.116383,-0.014165,-0.105891,0.847737,0.269684
152,5.066667,-0.210923,1.693376,-0.015551,-0.160887,0.835986,-0.297915,-0.098513,0.092668,-0.232816,-0.135203,0.086163,0.191452,-0.194151,1.115894,-0.004143,-0.107859,0.848082,0.283455
153,5.100000,-0.212458,1.692846,-0.002405,-0.163926,0.836495,-0.283635,-0.098639,0.092698,-0.232809,-0.134797,0.086339,0.191356,-0.194357,1.115408,0.004127,-0.109195,0.847966,0.296498
154,5.133333,-0.213812,1.692239,0.009409,-0.166844,0.837398,-0.270872,-0.098772,0.092711,-0.232864,-0.134590,0.086345,0.191201,-0.194657,1.114963,0.010625,-0.109797,0.847138,0.308993
155,5.166667,-0.214766,1.691812,0.019766,-0.169241,0.839157,-0.259927,-0.098915,0.092700,-0.232903,-0.134531,0.086348,0.191167,-0.195099,1.114957,0.015601,-0.109663,0.846341,0.319839
156,5.200000,-0.214770,1.691603,0.028668,-0.170868,0.841325,-0.251131,-0.099106,0.092689,-0.232884,-0.134496,0.086380,0.191116,-0.195724,1.115467,0.019116,-0.109076,0.844793,0.329284
157,5.233333,-0.214127,1.691880,0.035690,-0.171421,0.843530,-0.244186,-0.099297,0.092610,-0.232814,-0.134492,0.086425,0.191057,-0.196584,1.116115,0.021292,-0.108141,0.842847,0.336675
158,5.266667,-0.212565,1.692307,0.040987,-0.171162,0.845273,-0.239306,-0.099425,0.092558,-0.232786,-0.134474,0.086570,0.190981,-0.197633,1.116413,0.022420,-0.107018,0.840446,0.342273
159,5.300000,-0.210091,1.692586,0.044613,-0.169992,0.846203,-0.236612,-0.099430,0.092469,-0.232792,-0.134336,0.086824,0.190806,-0.199096,1.116116,0.022916,-0.106478,0.837587,0.345681
160,5.333333,-0.206852,1.692738,0.046822,-0.167952,0.845610,-0.236045,-0.099341,0.092366,-0.232803,-0.134058,0.087078,0.190728,-0.200755,1.114888,0.023498,-0.106600,0.833924,0.347132
161,5.366667,-0.203993,1.693097,0.047024,-0.164569,0.843698,-0.237972,-0.099290,0.092306,-0.232816,-0.133682,0.087276,0.190807,-0.202505,1.113151,0.024224,-0.107563,0.830203,0.346614
162,5.400000,-0.201359,1.694046,0.046261,-0.158888,0.841463,-0.242217,-0.099296,0.092319,-0.232841,-0.133752,0.087358,0.190648,-0.204063,1.112210,0.025126,-0.109132,0.827065,0.344021
163,5.433333,-0.199549,1.695310,0.044771,-0.151403,0.839467,-0.247172,-0.099429,0.092369,-0.232847,-0.133852,0.087061,0.190804,-0.204783,1.112694,0.025565,-0.112160,0.826020,0.339683
164,5.466667,-0.198160,1.696261,0.043075,-0.142821,0.837698,-0.251883,-0.099522,0.092351,-0.232800,-0.134022,0.086987,0.190809,-0.204876,1.113708,0.025329,-0.117006,0.825870,0.334058
165,5.500000,-0.197115,1.696898,0.041532,-0.134726,0.835685,-0.255556,-0.099552,0.092314,-0.232794,-0.134087,0.086953,0.190735,-0.204969,1.114163,0.024123,-0.123225,0.826134,0.327929
166,5.533333,-0.196278,1.697146,0.040252,-0.127845,0.833595,-0.258313,-0.099530,0.092253,-0.232849,-0.134089,0.086945,0.190655,-0.205291,1.113781,0.022506,-0.130518,0.826228,0.321267
167,5.566667,-0.195830,1.697135,0.039098,-0.121915,0.831783,-0.260515,-0.099523,0.092136,-0.232897,-0.134158,0.087102,0.190474,-0.205562,1.113144,0.020806,-0.138846,0.827188,0.314741
168,5.600000,-0.195795,1.697149,0.037824,-0.115974,0.830559,-0.263455,-0.099485,0.092100,-0.232984,-0.134175,0.087096,0.190403,-0.205628,1.113003,0.019356,-0.146538,0.828090,0.308359
169,5.633333,-0.196149,1.697386,0.036156,-0.110354,0.830048,-0.266717,-0.099513,0.092072,-0.233050,-0.134267,0.087139,0.190330,-0.205153,1.113215,0.018186,-0.153720,0.829475,0.302017
170,5.666667,-0.196513,1.697695,0.034130,-0.105546,0.829761,-0.269732,-0.099592,0.091997,-0.233066,-0.134318,0.087060,0.190311,-0.204731,1.113660,0.017064,-0.160921,0.831271,0.296529
171,5.700000,-0.196544,1.698367,0.031909,-0.102051,0.829422,-0.272113,-0.099620,0.091955,-0.233072,-0.134353,0.087040,0.190251,-0.204102,1.113820,0.015633,-0.167772,0.833192,0.291135
172,5.733333,-0.196061,1.699114,0.029598,-0.100294,0.829157,-0.273797,-0.099599,0.091951,-0.233071,-0.134367,0.087118,0.190144,-0.203522,1.113778,0.013977,-0.173761,0.834915,0.286436
173,5.766667,-0.195522,1.699443,0.027157,-0.099399,0.829151,-0.275463,-0.099576,0.091915,-0.233079,-0.134352,0.087148,0.190088,-0.203012,1.113465,0.012084,-0.178711,0.836366,0.282494
174,5.800000,-0.195373,1.699171,0.024772,-0.099332,0.829555,-0.277086,-0.099555,0.091906,-0.233066,-0.134364,0.087178,0.190022,-0.202393,1.113379,0.010426,-0.182246,0.837573,0.279725
175,5.833333,-0.195145,1.698790,0.022616,-0.099778,0.829825,-0.278000,-0.099526,0.091929,-0.233026,-0.134371,0.087188,0.189983,-0.201848,1.113522,0.008963,-0.184536,0.838406,0.277585
176,5.866667,-0.194725,1.698440,0.020620,-0.101060,0.830508,-0.278729,-0.099508,0.091950,-0.232999,-0.134376,0.087187,0.189949,-0.201037,1.113623,0.007477,-0.185690,0.838789,0.276236
177,5.900000,-0.194142,1.698281,0.018848,-0.102494,0.831044,-0.279065,-0.099458,0.091963,-0.232983,-0.134376,0.087202,0.189912,-0.200401,1.113640,0.005904,-0.185395,0.838471,0.275517
178,5.933333,-0.193153,1.698176,0.017380,-0.104242,0.831716,-0.278824,-0.099413,0.092002,-0.232982,-0.134362,0.087224,0.189846,-0.199584,1.113634,0.004448,-0.183833,0.837786,0.275496
179,5.966667,-0.192208,1.698286,0.016184,-0.105737,0.832398,-0.278505,-0.099370,0.092028,-0.232972,-0.134366,0.087260,0.189810,-0.198891,1.113676,0.003035,-0.180923,0.836788,0.275814
180,6.000000,-0.190937,1.698280,0.015188,-0.107031,0.832978,-0.277840,-0.099326,0.092046,-0.232930,-0.134215,0.087132,0.189747,-0.197986,1.113730,0.001824,-0.177241,0.835489,0.276575
181,6.033333,-0.189667,1.698363,0.014557,-0.107770,0.833409,-0.277291,-0.099281,0.092082,-0.232900,-0.134146,0.087074,0.189630,-0.197168,1.113806,0.000705,-0.172687,0.834043,0.277516
182,6.066667,-0.188282,1.698475,0.014202,-0.108084,0.833478,-0.276439,-0.099247,0.092113,-0.232851,-0.134208,0.087241,0.189644,-0.196274,1.113887,-0.000152,-0.167429,0.832620,0.278296
183,6.100000,-0.187145,1.698563,0.013994,-0.107812,0.833453,-0.276153,-0.099191,0.092123,-0.232798,-0.134122,0.087132,0.189543,-0.195411,1.113911,-0.000815,-0.161913,0.830993,0.279336
184,6.133333,-0.186116,1.698520,0.013926,-0.107020,0.833196,-0.276218,-0.099145,0.092154,-0.232776,-0.134148,0.087308,0.189561,-0.194502,1.113940,-0.001161,-0.156123,0.829540,0.280137
185,6.166667,-0.185239,1.698415,0.013912,-0.105534,0.832560,-0.276308,-0.099090,0.092202,-0.232737,-0.134097,0.087366,0.189551,-0.193695,1.114006,-0.001270,-0.150260,0.828218,0.281049
186,6.200000,-0.184376,1.698208,0.013893,-0.103910,0.832017,-0.277016,-0.098968,0.092245,-0.232714,-0.134062,0.087421,0.189520,-0.192802,1.113952,-0.001056,-0.144747,0.827337,0.282153
187,6.233333,-0.183586,1.697945,0.013961,-0.102003,0.831174,-0.277596,-0.098983,0.092288,-0.232657,-0.133985,0.087496,0.189501,-0.192028,1.113951,-0.000711,-0.139691,0.826759,0.282841
188,6.266667,,,,,,,,,,,,,,,,,,
